,teamName,opponent,game,gameId,gameDate,pointsScored,pointsAllowed,outcome,callsReceived,errorsInFavor,posessionsInFavor
0,76ers,Nuggets,76ers vs Nuggets,0022200741,"January 28, 2023",126,119,WON,1,1,0
1,Nuggets,76ers,Nuggets @ 76ers,0022200741,"January 28, 2023",119,126,LOSS,0,0,0
2,Pistons,Rockets,Pistons vs Rockets,0022200743,"January 28, 2023",114,117,LOSS,4,0,0
3,Rockets,Pistons,Rockets @ Pistons,0022200743,"January 28, 2023",117,114,WON,0,0,0
4,Spurs,Suns,Spurs vs Suns,0022200748,"January 28, 2023",118,128,LOSS,1,0,0
5,Suns,Spurs,Suns @ Spurs,0022200748,"January 28, 2023",128,118,WON,0,1,0
6,Celtics,Lakers,Celtics vs Lakers,0022200749,"January 28, 2023",125,121,WON,3,1,0
7,Lakers,Celtics,Lakers @ Celtics,0022200749,"January 28, 2023",121,125,LOSS,0,2,0
8,Heat,Magic,Heat vs Magic,0022200738,"January 27, 2023",110,105,WON,1,1,0
9,Magic,Heat,Magic @ Heat,0022200738,"January 27, 2023",105,110,LOSS,0,1,0
10,Celtics,Knicks,Celtics vs Knicks,0022200730,"January 26, 2023",117,120,LOSS,4,2,0
11,Knicks,Celtics,Knicks @ Celtics,0022200730,"January 26, 2023",120,117,WON,1,1,0
12,Suns,Mavericks,Suns vs Mavericks,0022200734,"January 26, 2023",95,99,LOSS,3,1,0
13,Mavericks,Suns,Mavericks @ Suns,0022200734,"January 26, 2023",99,95,WON,1,1,0
14,76ers,Nets,76ers vs Nets,0022200721,"January 25, 2023",137,133,WON,0,1,0
15,Nets,76ers,Nets @ 76ers,0022200721,"January 25, 2023",133,137,LOSS,0,1,0
16,Thunder,Hawks,Thunder vs Hawks,0022200725,"January 25, 2023",132,137,LOSS,2,0,0
17,Hawks,Thunder,Hawks @ Thunder,0022200725,"January 25, 2023",137,132,WON,0,0,0
18,Warriors,Grizzlies,Warriors vs Grizzlies,0022200726,"January 25, 2023",122,120,WON,4,1,0
19,Grizzlies,Warriors,Grizzlies @ Warriors,0022200726,"January 25, 2023",120,122,LOSS,0,0,0
20,Pacers,Bulls,Pacers vs Bulls,0022200713,"January 24, 2023",116,110,WON,0,1,0
21,Bulls,Pacers,Bulls @ Pacers,0022200713,"January 24, 2023",110,116,LOSS,0,0,0
22,Heat,Celtics,Heat vs Celtics,0022200714,"January 24, 2023",98,95,WON,0,0,0
23,Celtics,Heat,Celtics @ Heat,0022200714,"January 24, 2023",95,98,LOSS,0,0,0
24,Knicks,Cavaliers,Knicks vs Cavaliers,0022200715,"January 24, 2023",105,103,WON,2,2,0
25,Cavaliers,Knicks,Cavaliers @ Knicks,0022200715,"January 24, 2023",103,105,LOSS,0,1,0
26,Pelicans,Nuggets,Pelicans vs Nuggets,0022200716,"January 24, 2023",98,99,LOSS,0,2,0
27,Nuggets,Pelicans,Nuggets @ Pelicans,0022200716,"January 24, 2023",99,98,WON,0,0,0
28,Mavericks,Wizards,Mavericks vs Wizards,0022200717,"January 24, 2023",126,127,LOSS,2,0,0
29,Wizards,Mavericks,Wizards @ Mavericks,0022200717,"January 24, 2023",127,126,WON,0,1,0
30,Rockets,Timberwolves,Rockets vs Timberwolves,0022200709,"January 23, 2023",119,114,WON,4,1,0
31,Timberwolves,Rockets,Timberwolves @ Rockets,0022200709,"January 23, 2023",114,119,LOSS,0,0,0
32,Heat,Pelicans,Heat vs Pelicans,0022200699,"January 22, 2023",100,96,WON,0,0,0
33,Pelicans,Heat,Pelicans @ Heat,0022200699,"January 22, 2023",96,100,LOSS,0,0,0
34,Nuggets,Thunder,Nuggets vs Thunder,0022200702,"January 22, 2023",99,101,LOSS,1,1,0
35,Thunder,Nuggets,Thunder @ Nuggets,0022200702,"January 22, 2023",101,99,WON,0,3,0
36,Suns,Grizzlies,Suns vs Grizzlies,0022200703,"January 22, 2023",112,110,WON,3,0,0
37,Grizzlies,Suns,Grizzlies @ Suns,0022200703,"January 22, 2023",110,112,LOSS,0,0,0
38,Warriors,Nets,Warriors vs Nets,0022200704,"January 22, 2023",116,120,LOSS,2,0,0
39,Nets,Warriors,Nets @ Warriors,0022200704,"January 22, 2023",120,116,WON,0,0,0
40,Raptors,Celtics,Raptors vs Celtics,0022200692,"January 21, 2023",104,106,LOSS,0,2,0
41,Celtics,Raptors,Celtics @ Raptors,0022200692,"January 21, 2023",106,104,WON,0,0,0
42,Hawks,Hornets,Hawks vs Hornets,0022200694,"January 21, 2023",118,122,LOSS,3,1,0
43,Hornets,Hawks,Hornets @ Hawks,0022200694,"January 21, 2023",122,118,WON,0,1,0
44,Suns,Pacers,Suns vs Pacers,0022200697,"January 21, 2023",112,107,WON,3,0,0
45,Pacers,Suns,Pacers @ Suns,0022200697,"January 21, 2023",107,112,LOSS,0,1,0
46,Kings,76ers,Kings vs 76ers,0022200698,"January 21, 2023",127,129,LOSS,3,2,0
47,76ers,Kings,76ers @ Kings,0022200698,"January 21, 2023",129,127,WON,0,0,0
48,Jazz,Nets,Jazz vs Nets,0022200689,"January 20, 2023",106,117,LOSS,4,0,0
49,Nets,Jazz,Nets @ Jazz,0022200689,"January 20, 2023",117,106,WON,0,2,0
50,Lakers,Grizzlies,Lakers vs Grizzlies,0022200690,"January 20, 2023",122,121,WON,3,1,0
51,Grizzlies,Lakers,Grizzlies @ Lakers,0022200690,"January 20, 2023",121,122,LOSS,0,0,0
52,Kings,Thunder,Kings vs Thunder,0022200691,"January 20, 2023",118,113,WON,1,0,0
53,Thunder,Kings,Thunder @ Kings,0022200691,"January 20, 2023",113,118,LOSS,0,3,0
54,Celtics,Warriors,Celtics vs Warriors,0022200679,"January 19, 2023",121,118,WON,3,5,0
55,Warriors,Celtics,Warriors @ Celtics,0022200679,"January 19, 2023",118,121,LOSS,0,0,0
56,Timberwolves,Raptors,Timberwolves vs Raptors,0022200680,"January 19, 2023",128,126,WON,1,1,0
57,Raptors,Timberwolves,Raptors @ Timberwolves,0022200680,"January 19, 2023",126,128,LOSS,0,0,0
58,Suns,Nets,Suns vs Nets,0022200681,"January 19, 2023",117,112,WON,2,0,0
59,Nets,Suns,Nets @ Suns,0022200681,"January 19, 2023",112,117,LOSS,0,1,0
60,Mavericks,Hawks,Mavericks vs Hawks,0022200670,"January 18, 2023",122,130,LOSS,3,0,0
61,Hawks,Mavericks,Hawks @ Mavericks,0022200670,"January 18, 2023",130,122,WON,0,0,0
62,Rockets,Hornets,Rockets vs Hornets,0022200671,"January 18, 2023",117,122,LOSS,4,0,0
63,Hornets,Rockets,Hornets @ Rockets,0022200671,"January 18, 2023",122,117,WON,0,0,0
64,Grizzlies,Cavaliers,Grizzlies vs Cavaliers,0022200672,"January 18, 2023",115,114,WON,0,0,0
65,Cavaliers,Grizzlies,Cavaliers @ Grizzlies,0022200672,"January 18, 2023",114,115,LOSS,0,0,0
66,Nuggets,Timberwolves,Nuggets vs Timberwolves,0022200676,"January 18, 2023",122,118,WON,1,1,0
67,Timberwolves,Nuggets,Timberwolves @ Nuggets,0022200676,"January 18, 2023",118,122,LOSS,0,0,0
68,Lakers,Kings,Lakers vs Kings,0022200677,"January 18, 2023",111,116,LOSS,4,0,0
69,Kings,Lakers,Kings @ Lakers,0022200677,"January 18, 2023",116,111,WON,0,4,0
70,Knicks,Raptors,Knicks vs Raptors,0022200659,"January 16, 2023",121,123,LOSS,4,0,0
71,Raptors,Knicks,Raptors @ Knicks,0022200659,"January 16, 2023",123,121,WON,0,0,0
72,Timberwolves,Jazz,Timberwolves vs Jazz,0022200662,"January 16, 2023",125,126,LOSS,3,0,0
73,Jazz,Timberwolves,Jazz @ Timberwolves,0022200662,"January 16, 2023",126,125,WON,0,0,0
74,Lakers,Rockets,Lakers vs Rockets,0022200664,"January 16, 2023",140,132,WON,2,0,0
75,Rockets,Lakers,Rockets @ Lakers,0022200664,"January 16, 2023",132,140,LOSS,0,1,0
76,Nuggets,Magic,Nuggets vs Magic,0022200653,"January 15, 2023",119,116,WON,1,0,0
77,Magic,Nuggets,Magic @ Nuggets,0022200653,"January 15, 2023",116,119,LOSS,0,0,0
78,Lakers,76ers,Lakers vs 76ers,0022200655,"January 15, 2023",112,113,LOSS,1,0,0
79,76ers,Lakers,76ers @ Lakers,0022200655,"January 15, 2023",113,112,WON,0,0,0
80,Jazz,76ers,Jazz vs 76ers,0022200646,"January 14, 2023",117,118,LOSS,1,2,0
81,76ers,Jazz,76ers @ Jazz,0022200646,"January 14, 2023",118,117,WON,0,0,0
82,Pacers,Hawks,Pacers vs Hawks,0022200633,"January 13, 2023",111,113,LOSS,0,0,0
83,Hawks,Pacers,Hawks @ Pacers,0022200633,"January 13, 2023",113,111,WON,0,1,0
84,Wizards,Knicks,Wizards vs Knicks,0022200634,"January 13, 2023",108,112,LOSS,3,0,0
85,Knicks,Wizards,Knicks @ Wizards,0022200634,"January 13, 2023",112,108,WON,0,0,0
86,Jazz,Magic,Jazz vs Magic,0022200638,"January 13, 2023",112,108,WON,0,0,0
87,Magic,Jazz,Magic @ Jazz,0022200638,"January 13, 2023",108,112,LOSS,0,0,0
88,Lakers,Mavericks,Lakers vs Mavericks,0022200630,"January 12, 2023",115,119,LOSS,4,5,0
89,Mavericks,Lakers,Mavericks @ Lakers,0022200630,"January 12, 2023",119,115,WON,0,2,0
90,Trail Blazers,Cavaliers,Trail Blazers vs Cavaliers,0022200631,"January 12, 2023",113,119,LOSS,2,1,0
91,Cavaliers,Trail Blazers,Cavaliers @ Trail Blazers,0022200631,"January 12, 2023",119,113,WON,0,1,0
92,Wizards,Bulls,Wizards vs Bulls,0022200619,"January 11, 2023",100,97,WON,1,0,0
93,Bulls,Wizards,Bulls @ Wizards,0022200619,"January 11, 2023",97,100,LOSS,0,0,0
94,Hawks,Bucks,Hawks vs Bucks,0022200620,"January 11, 2023",105,114,LOSS,3,1,0
95,Bucks,Hawks,Bucks @ Hawks,0022200620,"January 11, 2023",114,105,WON,1,1,0
96,Knicks,Pacers,Knicks vs Pacers,0022200622,"January 11, 2023",119,113,WON,1,1,0
97,Pacers,Knicks,Pacers @ Knicks,0022200622,"January 11, 2023",113,119,LOSS,0,2,0
98,Grizzlies,Spurs,Grizzlies vs Spurs,0022200623,"January 11, 2023",135,129,WON,0,0,0
99,Spurs,Grizzlies,Spurs @ Grizzlies,0022200623,"January 11, 2023",129,135,LOSS,0,2,0
100,Heat,Thunder,Heat vs Thunder,0022200611,"January 10, 2023",112,111,WON,1,1,0
101,Thunder,Heat,Thunder @ Heat,0022200611,"January 10, 2023",111,112,LOSS,0,0,0
102,Jazz,Cavaliers,Jazz vs Cavaliers,0022200614,"January 10, 2023",116,114,WON,0,0,0
103,Cavaliers,Jazz,Cavaliers @ Jazz,0022200614,"January 10, 2023",114,116,LOSS,0,0,0
104,Trail Blazers,Magic,Trail Blazers vs Magic,0022200616,"January 10, 2023",106,109,LOSS,3,1,0
105,Magic,Trail Blazers,Magic @ Trail Blazers,0022200616,"January 10, 2023",109,106,WON,0,0,0
106,Celtics,Bulls,Celtics vs Bulls,0022200606,"January 09, 2023",107,99,WON,0,0,0
107,Bulls,Celtics,Bulls @ Celtics,0022200606,"January 09, 2023",99,107,LOSS,0,0,0
108,Knicks,Bucks,Knicks vs Bucks,0022200607,"January 09, 2023",107,111,LOSS,3,0,0
109,Bucks,Knicks,Bucks @ Knicks,0022200607,"January 09, 2023",111,107,WON,0,2,0
110,Pacers,Hornets,Pacers vs Hornets,0022200598,"January 08, 2023",116,111,WON,1,0,0
111,Hornets,Pacers,Hornets @ Pacers,0022200598,"January 08, 2023",111,116,LOSS,0,0,0
112,Heat,Nets,Heat vs Nets,0022200599,"January 08, 2023",101,102,LOSS,0,1,0
113,Nets,Heat,Nets @ Heat,0022200599,"January 08, 2023",102,101,WON,0,0,0
114,Clippers,Hawks,Clippers vs Hawks,0022200604,"January 08, 2023",108,112,LOSS,2,1,0
115,Hawks,Clippers,Hawks @ Clippers,0022200604,"January 08, 2023",112,108,WON,0,1,0
116,Spurs,Celtics,Spurs vs Celtics,0022200591,"January 07, 2023",116,121,LOSS,3,1,0
117,Celtics,Spurs,Celtics @ Spurs,0022200591,"January 07, 2023",121,116,WON,0,4,0
118,Kings,Lakers,Kings vs Lakers,0022200595,"January 07, 2023",134,136,LOSS,4,0,0
119,Lakers,Kings,Lakers @ Kings,0022200595,"January 07, 2023",136,134,WON,0,1,0
120,Pacers,Trail Blazers,Pacers vs Trail Blazers,0022200580,"January 06, 2023",108,99,WON,1,0,0
121,Trail Blazers,Pacers,Trail Blazers @ Pacers,0022200580,"January 06, 2023",99,108,LOSS,0,0,0
122,Raptors,Knicks,Raptors vs Knicks,0022200582,"January 06, 2023",108,112,LOSS,3,1,0
123,Knicks,Raptors,Knicks @ Raptors,0022200582,"January 06, 2023",112,108,WON,0,0,0
124,Pelicans,Nets,Pelicans vs Nets,0022200586,"January 06, 2023",102,108,LOSS,2,0,0
125,Nets,Pelicans,Nets @ Pelicans,0022200586,"January 06, 2023",108,102,WON,0,0,0
126,Cavaliers,Suns,Cavaliers vs Suns,0022200565,"January 04, 2023",90,88,WON,0,1,0
127,Suns,Cavaliers,Suns @ Cavaliers,0022200565,"January 04, 2023",88,90,LOSS,0,1,0
128,76ers,Pacers,76ers vs Pacers,0022200567,"January 04, 2023",129,126,WON,2,5,0
129,Pacers,76ers,Pacers @ 76ers,0022200567,"January 04, 2023",126,129,LOSS,0,2,0
130,Knicks,Spurs,Knicks vs Spurs,0022200568,"January 04, 2023",117,114,WON,4,3,0
131,Spurs,Knicks,Spurs @ Knicks,0022200568,"January 04, 2023",114,117,LOSS,0,0,0
132,Raptors,Bucks,Raptors vs Bucks,0022200569,"January 04, 2023",101,104,LOSS,4,4,0
133,Bucks,Raptors,Bucks @ Raptors,0022200569,"January 04, 2023",104,101,WON,1,0,0
134,Warriors,Pistons,Warriors vs Pistons,0022200573,"January 04, 2023",119,122,LOSS,3,0,0
135,Pistons,Warriors,Pistons @ Warriors,0022200573,"January 04, 2023",122,119,WON,0,0,0
136,Lakers,Heat,Lakers vs Heat,0022200574,"January 04, 2023",112,109,WON,1,0,0
137,Heat,Lakers,Heat @ Lakers,0022200574,"January 04, 2023",109,112,LOSS,0,0,0
138,Kings,Hawks,Kings vs Hawks,0022200575,"January 04, 2023",117,120,LOSS,2,0,0
139,Hawks,Kings,Hawks @ Kings,0022200575,"January 04, 2023",120,117,WON,0,0,0
140,Jazz,Kings,Jazz vs Kings,0022200563,"January 03, 2023",115,117,LOSS,0,1,0
141,Kings,Jazz,Kings @ Jazz,0022200563,"January 03, 2023",117,115,WON,1,0,0
142,Cavaliers,Bulls,Cavaliers vs Bulls,0022200552,"January 02, 2023",145,134,WON,3,2,0
143,Bulls,Cavaliers,Bulls @ Cavaliers,0022200552,"January 02, 2023",134,145,LOSS,0,0,0
144,76ers,Pelicans,76ers vs Pelicans,0022200554,"January 02, 2023",120,111,WON,2,0,0
145,Pelicans,76ers,Pelicans @ 76ers,0022200554,"January 02, 2023",111,120,LOSS,0,0,0
146,Rockets,Mavericks,Rockets vs Mavericks,0022200556,"January 02, 2023",106,111,LOSS,2,0,0
147,Mavericks,Rockets,Mavericks @ Rockets,0022200556,"January 02, 2023",111,106,WON,0,0,0
148,Warriors,Hawks,Warriors vs Hawks,0022200558,"January 02, 2023",143,141,WON,6,3,0
149,Hawks,Warriors,Hawks @ Warriors,0022200558,"January 02, 2023",141,143,LOSS,0,3,0
150,Pacers,Clippers,Pacers vs Clippers,0022200538,"December 31, 2022",131,130,WON,2,0,0
151,Clippers,Pacers,Clippers @ Pacers,0022200538,"December 31, 2022",130,131,LOSS,0,0,0
152,Bulls,Cavaliers,Bulls vs Cavaliers,0022200540,"December 31, 2022",102,103,LOSS,0,0,0
153,Cavaliers,Bulls,Cavaliers @ Bulls,0022200540,"December 31, 2022",103,102,WON,1,1,0
154,Spurs,Mavericks,Spurs vs Mavericks,0022200542,"December 31, 2022",125,126,LOSS,4,2,0
155,Mavericks,Spurs,Mavericks @ Spurs,0022200542,"December 31, 2022",126,125,WON,0,0,0
156,Jazz,Heat,Jazz vs Heat,0022200546,"December 31, 2022",123,126,LOSS,2,0,0
157,Heat,Jazz,Heat @ Jazz,0022200546,"December 31, 2022",126,123,WON,0,1,0
158,Hawks,Lakers,Hawks vs Lakers,0022200530,"December 30, 2022",121,130,LOSS,2,0,0
159,Lakers,Hawks,Lakers @ Hawks,0022200530,"December 30, 2022",130,121,WON,0,1,0
160,Raptors,Suns,Raptors vs Suns,0022200531,"December 30, 2022",113,104,WON,2,0,0
161,Suns,Raptors,Suns @ Raptors,0022200531,"December 30, 2022",104,113,LOSS,0,0,0
162,Nuggets,Heat,Nuggets vs Heat,0022200535,"December 30, 2022",124,119,WON,2,0,0
163,Heat,Nuggets,Heat @ Nuggets,0022200535,"December 30, 2022",119,124,LOSS,0,2,0
164,Warriors,Trail Blazers,Warriors vs Trail Blazers,0022200536,"December 30, 2022",118,112,WON,2,0,0
165,Trail Blazers,Warriors,Trail Blazers @ Warriors,0022200536,"December 30, 2022",112,118,LOSS,0,0,0
166,Kings,Jazz,Kings vs Jazz,0022200537,"December 30, 2022",126,125,WON,2,0,0
167,Jazz,Kings,Jazz @ Kings,0022200537,"December 30, 2022",125,126,LOSS,0,0,0
168,Pacers,Cavaliers,Pacers vs Cavaliers,0022200524,"December 29, 2022",135,126,WON,3,0,0
169,Cavaliers,Pacers,Cavaliers @ Pacers,0022200524,"December 29, 2022",126,135,LOSS,0,0,0
170,Celtics,Clippers,Celtics vs Clippers,0022200525,"December 29, 2022",116,110,WON,0,1,0
171,Clippers,Celtics,Clippers @ Celtics,0022200525,"December 29, 2022",110,116,LOSS,0,1,0
172,Hawks,Nets,Hawks vs Nets,0022200517,"December 28, 2022",107,108,LOSS,0,0,0
173,Nets,Hawks,Nets @ Hawks,0022200517,"December 28, 2022",108,107,WON,0,0,0
174,Bulls,Bucks,Bulls vs Bucks,0022200519,"December 28, 2022",119,113,WON,1,2,0
175,Bucks,Bulls,Bucks @ Bulls,0022200519,"December 28, 2022",113,119,LOSS,0,0,0
176,Pelicans,Timberwolves,Pelicans vs Timberwolves,0022200520,"December 28, 2022",119,118,WON,1,0,0
177,Timberwolves,Pelicans,Timberwolves @ Pelicans,0022200520,"December 28, 2022",118,119,LOSS,1,0,0
178,Warriors,Jazz,Warriors vs Jazz,0022200521,"December 28, 2022",112,107,WON,3,1,0
179,Jazz,Warriors,Jazz @ Warriors,0022200521,"December 28, 2022",107,112,LOSS,0,0,0
180,Kings,Nuggets,Kings vs Nuggets,0022200522,"December 28, 2022",127,126,WON,2,2,0
181,Nuggets,Kings,Nuggets @ Kings,0022200522,"December 28, 2022",126,127,LOSS,0,1,0
182,Wizards,76ers,Wizards vs 76ers,0022200506,"December 27, 2022",116,111,WON,0,0,0
183,76ers,Wizards,76ers @ Wizards,0022200506,"December 27, 2022",111,116,LOSS,0,1,0
184,Mavericks,Knicks,Mavericks vs Knicks,0022200512,"December 27, 2022",126,121,WON,4,1,0
185,Knicks,Mavericks,Knicks @ Mavericks,0022200512,"December 27, 2022",121,126,LOSS,0,0,0
186,Warriors,Hornets,Warriors vs Hornets,0022200513,"December 27, 2022",110,105,WON,2,0,0
187,Hornets,Warriors,Hornets @ Warriors,0022200513,"December 27, 2022",105,110,LOSS,0,0,0
188,Pistons,Clippers,Pistons vs Clippers,0022200499,"December 26, 2022",131,142,LOSS,3,0,0
189,Clippers,Pistons,Clippers @ Pistons,0022200499,"December 26, 2022",142,131,WON,0,0,0
190,Heat,Timberwolves,Heat vs Timberwolves,0022200500,"December 26, 2022",113,110,WON,1,0,0
191,Timberwolves,Heat,Timberwolves @ Heat,0022200500,"December 26, 2022",110,113,LOSS,0,1,0
192,Spurs,Jazz,Spurs vs Jazz,0022200503,"December 26, 2022",126,122,WON,2,0,0
193,Jazz,Spurs,Jazz @ Spurs,0022200503,"December 26, 2022",122,126,LOSS,0,0,0
194,Nuggets,Suns,Nuggets vs Suns,0022200497,"December 25, 2022",128,125,WON,1,1,0
195,Suns,Nuggets,Suns @ Nuggets,0022200497,"December 25, 2022",125,128,LOSS,0,0,0
196,76ers,Clippers,76ers vs Clippers,0022200480,"December 23, 2022",119,114,WON,3,0,0
197,Clippers,76ers,Clippers @ 76ers,0022200480,"December 23, 2022",114,119,LOSS,0,0,0
198,Knicks,Bulls,Knicks vs Bulls,0022200485,"December 23, 2022",117,118,LOSS,1,0,0
199,Bulls,Knicks,Bulls @ Knicks,0022200485,"December 23, 2022",118,117,WON,0,0,0
200,Heat,Pacers,Heat vs Pacers,0022200486,"December 23, 2022",108,111,LOSS,1,1,0
201,Pacers,Heat,Pacers @ Heat,0022200486,"December 23, 2022",111,108,WON,0,0,0
202,Rockets,Mavericks,Rockets vs Mavericks,0022200487,"December 23, 2022",106,112,LOSS,4,0,0
203,Mavericks,Rockets,Mavericks @ Rockets,0022200487,"December 23, 2022",112,106,WON,0,0,0
204,Thunder,Pelicans,Thunder vs Pelicans,0022200488,"December 23, 2022",125,128,LOSS,5,1,0
205,Pelicans,Thunder,Pelicans @ Thunder,0022200488,"December 23, 2022",128,125,WON,0,1,0
206,Lakers,Hornets,Lakers vs Hornets,0022200492,"December 23, 2022",130,134,LOSS,4,2,0
207,Hornets,Lakers,Hornets @ Lakers,0022200492,"December 23, 2022",134,130,WON,0,0,0
208,Hawks,Bulls,Hawks vs Bulls,0022200468,"December 21, 2022",108,110,LOSS,0,1,0
209,Bulls,Hawks,Bulls @ Hawks,0022200468,"December 21, 2022",110,108,WON,0,0,0
210,Knicks,Raptors,Knicks vs Raptors,0022200471,"December 21, 2022",106,113,LOSS,3,1,0
211,Raptors,Knicks,Raptors @ Knicks,0022200471,"December 21, 2022",113,106,WON,0,0,0
212,Timberwolves,Mavericks,Timberwolves vs Mavericks,0022200473,"December 21, 2022",99,104,LOSS,3,2,0
213,Mavericks,Timberwolves,Mavericks @ Timberwolves,0022200473,"December 21, 2022",104,99,WON,0,4,0
214,Thunder,Trail Blazers,Thunder vs Trail Blazers,0022200474,"December 21, 2022",101,98,WON,0,0,0
215,Trail Blazers,Thunder,Trail Blazers @ Thunder,0022200474,"December 21, 2022",98,101,LOSS,0,0,0
216,Suns,Wizards,Suns vs Wizards,0022200464,"December 20, 2022",110,113,LOSS,5,0,0
217,Wizards,Suns,Wizards @ Suns,0022200464,"December 20, 2022",113,110,WON,0,0,0
218,76ers,Raptors,76ers vs Raptors,0022200453,"December 19, 2022",104,101,WON,5,0,0
219,Raptors,76ers,Raptors @ 76ers,0022200453,"December 19, 2022",101,104,LOSS,1,3,0
220,Hawks,Magic,Hawks vs Magic,0022200454,"December 19, 2022",126,125,WON,1,1,0
221,Magic,Hawks,Magic @ Hawks,0022200454,"December 19, 2022",125,126,LOSS,0,1,0
222,Pelicans,Bucks,Pelicans vs Bucks,0022200457,"December 19, 2022",119,128,LOSS,3,0,0
223,Bucks,Pelicans,Bucks @ Pelicans,0022200457,"December 19, 2022",128,119,WON,0,0,0
224,Thunder,Trail Blazers,Thunder vs Trail Blazers,0022200458,"December 19, 2022",123,121,WON,2,0,0
225,Trail Blazers,Thunder,Trail Blazers @ Thunder,0022200458,"December 19, 2022",121,123,LOSS,0,0,0
226,Kings,Hornets,Kings vs Hornets,0022200460,"December 19, 2022",119,125,LOSS,4,1,0
227,Hornets,Kings,Hornets @ Kings,0022200460,"December 19, 2022",125,119,WON,0,0,0
228,Celtics,Magic,Celtics vs Magic,0022200445,"December 18, 2022",92,95,LOSS,2,0,0
229,Magic,Celtics,Magic @ Celtics,0022200445,"December 18, 2022",95,92,WON,0,0,0
230,Pacers,Knicks,Pacers vs Knicks,0022200446,"December 18, 2022",106,109,LOSS,3,0,0
231,Knicks,Pacers,Knicks @ Pacers,0022200446,"December 18, 2022",109,106,WON,0,0,0
232,Pistons,Nets,Pistons vs Nets,0022200447,"December 18, 2022",121,124,LOSS,3,1,0
233,Nets,Pistons,Nets @ Pistons,0022200447,"December 18, 2022",124,121,WON,0,0,0
234,Nuggets,Hornets,Nuggets vs Hornets,0022200450,"December 18, 2022",119,115,WON,0,0,0
235,Hornets,Nuggets,Hornets @ Nuggets,0022200450,"December 18, 2022",115,119,LOSS,0,1,0
236,Lakers,Wizards,Lakers vs Wizards,0022200451,"December 18, 2022",119,117,WON,1,0,0
237,Wizards,Lakers,Wizards @ Lakers,0022200451,"December 18, 2022",117,119,LOSS,0,0,0
238,Cavaliers,Mavericks,Cavaliers vs Mavericks,0022200440,"December 17, 2022",100,99,WON,7,1,0
239,Mavericks,Cavaliers,Mavericks @ Cavaliers,0022200440,"December 17, 2022",99,100,LOSS,0,1,0
240,Suns,Pelicans,Suns vs Pelicans,0022200444,"December 17, 2022",118,114,WON,2,0,0
241,Pelicans,Suns,Pelicans @ Suns,0022200444,"December 17, 2022",114,118,LOSS,0,0,0
242,Cavaliers,Pacers,Cavaliers vs Pacers,0022200431,"December 16, 2022",118,112,WON,1,2,0
243,Pacers,Cavaliers,Pacers @ Cavaliers,0022200431,"December 16, 2022",112,118,LOSS,0,1,0
244,Raptors,Nets,Raptors vs Nets,0022200433,"December 16, 2022",116,119,LOSS,1,1,0
245,Nets,Raptors,Nets @ Raptors,0022200433,"December 16, 2022",119,116,WON,0,0,0
246,Thunder,Timberwolves,Thunder vs Timberwolves,0022200435,"December 16, 2022",110,112,LOSS,4,0,0
247,Timberwolves,Thunder,Timberwolves @ Thunder,0022200435,"December 16, 2022",112,110,WON,0,1,0
248,Rockets,Heat,Rockets vs Heat,0022200424,"December 15, 2022",108,111,LOSS,0,1,0
249,Heat,Rockets,Heat @ Rockets,0022200424,"December 15, 2022",111,108,WON,0,1,0
250,Jazz,Pelicans,Jazz vs Pelicans,0022200426,"December 15, 2022",132,129,WON,1,0,0
251,Pelicans,Jazz,Pelicans @ Jazz,0022200426,"December 15, 2022",129,132,LOSS,0,0,0
252,Hornets,Pistons,Hornets vs Pistons,0022200414,"December 14, 2022",134,141,LOSS,5,2,0
253,Pistons,Hornets,Pistons @ Hornets,0022200414,"December 14, 2022",141,134,WON,0,1,0
254,Pacers,Warriors,Pacers vs Warriors,0022200415,"December 14, 2022",125,119,WON,0,1,0
255,Warriors,Pacers,Warriors @ Pacers,0022200415,"December 14, 2022",119,125,LOSS,0,1,0
256,Raptors,Kings,Raptors vs Kings,0022200417,"December 14, 2022",123,124,LOSS,3,1,0
257,Kings,Raptors,Kings @ Raptors,0022200417,"December 14, 2022",124,123,WON,0,0,0
258,Bulls,Knicks,Bulls vs Knicks,0022200418,"December 14, 2022",120,128,LOSS,1,1,0
259,Knicks,Bulls,Knicks @ Bulls,0022200418,"December 14, 2022",128,120,WON,2,1,0
260,Thunder,Heat,Thunder vs Heat,0022200419,"December 14, 2022",108,110,LOSS,2,1,0
261,Heat,Thunder,Heat @ Thunder,0022200419,"December 14, 2022",110,108,WON,0,3,0
262,Lakers,Celtics,Lakers vs Celtics,0022200413,"December 13, 2022",118,122,LOSS,2,1,0
263,Celtics,Lakers,Celtics @ Lakers,0022200413,"December 13, 2022",122,118,WON,0,0,0
264,Spurs,Cavaliers,Spurs vs Cavaliers,0022200406,"December 12, 2022",112,111,WON,3,2,0
265,Cavaliers,Spurs,Cavaliers @ Spurs,0022200406,"December 12, 2022",111,112,LOSS,0,0,0
266,Pelicans,Suns,Pelicans vs Suns,0022200395,"December 11, 2022",129,124,WON,3,0,0
267,Suns,Pelicans,Suns @ Pelicans,0022200395,"December 11, 2022",124,129,LOSS,0,0,0
268,Pistons,Lakers,Pistons vs Lakers,0022200396,"December 11, 2022",117,124,LOSS,1,2,0
269,Lakers,Pistons,Lakers @ Pistons,0022200396,"December 11, 2022",124,117,WON,0,0,0
270,Hawks,Bulls,Hawks vs Bulls,0022200400,"December 11, 2022",123,122,WON,2,0,0
271,Bulls,Hawks,Bulls @ Hawks,0022200400,"December 11, 2022",122,123,LOSS,0,0,0
272,Rockets,Bucks,Rockets vs Bucks,0022200401,"December 11, 2022",97,92,WON,1,0,0
273,Bucks,Rockets,Bucks @ Rockets,0022200401,"December 11, 2022",92,97,LOSS,0,0,0
274,Heat,Spurs,Heat vs Spurs,0022200387,"December 10, 2022",111,115,LOSS,1,0,0
275,Spurs,Heat,Spurs @ Heat,0022200387,"December 10, 2022",115,111,WON,0,0,0
276,Pacers,Nets,Pacers vs Nets,0022200388,"December 10, 2022",133,136,LOSS,4,2,0
277,Nets,Pacers,Nets @ Pacers,0022200388,"December 10, 2022",136,133,WON,0,0,0
278,Wizards,Clippers,Wizards vs Clippers,0022200389,"December 10, 2022",107,114,LOSS,2,0,0
279,Clippers,Wizards,Clippers @ Wizards,0022200389,"December 10, 2022",114,107,WON,0,1,0
280,Nuggets,Jazz,Nuggets vs Jazz,0022200393,"December 10, 2022",115,110,WON,0,0,0
281,Jazz,Nuggets,Jazz @ Nuggets,0022200393,"December 10, 2022",110,115,LOSS,0,1,0
282,Magic,Raptors,Magic vs Raptors,0022200379,"December 09, 2022",113,109,WON,2,0,0
283,Raptors,Magic,Raptors @ Magic,0022200379,"December 09, 2022",109,113,LOSS,0,0,0
284,Nets,Hawks,Nets vs Hawks,0022200380,"December 09, 2022",120,116,WON,0,1,0
285,Hawks,Nets,Hawks @ Nets,0022200380,"December 09, 2022",116,120,LOSS,0,1,0
286,Cavaliers,Kings,Cavaliers vs Kings,0022200381,"December 09, 2022",95,106,LOSS,5,0,0
287,Kings,Cavaliers,Kings @ Cavaliers,0022200381,"December 09, 2022",106,95,WON,0,0,0
288,76ers,Lakers,76ers vs Lakers,0022200382,"December 09, 2022",133,122,WON,4,0,0
289,Lakers,76ers,Lakers @ 76ers,0022200382,"December 09, 2022",122,133,LOSS,0,2,0
290,Mavericks,Bucks,Mavericks vs Bucks,0022200386,"December 09, 2022",105,106,LOSS,0,2,0
291,Bucks,Mavericks,Bucks @ Mavericks,0022200386,"December 09, 2022",106,105,WON,1,1,0
292,Heat,Clippers,Heat vs Clippers,0022200374,"December 08, 2022",115,110,WON,2,1,0
293,Clippers,Heat,Clippers @ Heat,0022200374,"December 08, 2022",110,115,LOSS,0,1,0
294,Trail Blazers,Nuggets,Trail Blazers vs Nuggets,0022200376,"December 08, 2022",120,121,LOSS,1,1,0
295,Nuggets,Trail Blazers,Nuggets @ Trail Blazers,0022200376,"December 08, 2022",121,120,WON,0,0,0
296,Magic,Clippers,Magic vs Clippers,0022200363,"December 07, 2022",116,111,WON,3,1,0
297,Clippers,Magic,Clippers @ Magic,0022200363,"December 07, 2022",111,116,LOSS,0,1,0
298,Nets,Hornets,Nets vs Hornets,0022200364,"December 07, 2022",122,116,WON,1,0,0
299,Hornets,Nets,Hornets @ Nets,0022200364,"December 07, 2022",116,122,LOSS,0,1,0
300,Bulls,Wizards,Bulls vs Wizards,0022200367,"December 07, 2022",115,111,WON,1,0,0
301,Wizards,Bulls,Wizards @ Bulls,0022200367,"December 07, 2022",111,115,LOSS,0,1,0
302,Timberwolves,Pacers,Timberwolves vs Pacers,0022200370,"December 07, 2022",121,115,WON,0,1,0
303,Pacers,Timberwolves,Pacers @ Timberwolves,0022200370,"December 07, 2022",115,121,LOSS,0,0,0
304,Pelicans,Pistons,Pelicans vs Pistons,0022200371,"December 07, 2022",104,98,WON,1,1,0
305,Pistons,Pelicans,Pistons @ Pelicans,0022200371,"December 07, 2022",98,104,LOSS,0,1,0
306,Jazz,Warriors,Jazz vs Warriors,0022200372,"December 07, 2022",124,123,WON,3,1,0
307,Warriors,Jazz,Warriors @ Jazz,0022200372,"December 07, 2022",123,124,LOSS,0,1,0
308,Nuggets,Mavericks,Nuggets vs Mavericks,0022200362,"December 06, 2022",115,116,LOSS,2,3,0
309,Mavericks,Nuggets,Mavericks @ Nuggets,0022200362,"December 06, 2022",116,115,WON,0,0,0
310,Hornets,Clippers,Hornets vs Clippers,0022200352,"December 05, 2022",117,119,LOSS,1,0,0
311,Clippers,Hornets,Clippers @ Hornets,0022200352,"December 05, 2022",119,117,WON,0,1,0
312,Rockets,76ers,Rockets vs 76ers,0022200356,"December 05, 2022",132,123,WON,3,1,0
313,76ers,Rockets,76ers @ Rockets,0022200356,"December 05, 2022",123,132,LOSS,0,3,0
314,Jazz,Trail Blazers,Jazz vs Trail Blazers,0022200343,"December 03, 2022",111,116,LOSS,6,1,0
315,Trail Blazers,Jazz,Trail Blazers @ Jazz,0022200343,"December 03, 2022",116,111,WON,0,1,0
316,Hornets,Wizards,Hornets vs Wizards,0022200326,"December 02, 2022",117,116,WON,0,3,0
317,Wizards,Hornets,Wizards @ Hornets,0022200326,"December 02, 2022",116,117,LOSS,0,1,0
318,Celtics,Heat,Celtics vs Heat,0022200328,"December 02, 2022",116,120,LOSS,2,0,0
319,Heat,Celtics,Heat @ Celtics,0022200328,"December 02, 2022",120,116,WON,0,0,0
320,Bucks,Lakers,Bucks vs Lakers,0022200331,"December 02, 2022",129,133,LOSS,2,1,0
321,Lakers,Bucks,Lakers @ Bucks,0022200331,"December 02, 2022",133,129,WON,0,0,0
322,Suns,Rockets,Suns vs Rockets,0022200334,"December 02, 2022",121,122,LOSS,2,1,0
323,Rockets,Suns,Rockets @ Suns,0022200334,"December 02, 2022",122,121,WON,0,0,0
324,Pistons,Mavericks,Pistons vs Mavericks,0022200325,"December 01, 2022",131,125,WON,2,0,0
325,Mavericks,Pistons,Mavericks @ Pistons,0022200325,"December 01, 2022",125,131,LOSS,0,1,0
326,Knicks,Bucks,Knicks vs Bucks,0022200316,"November 30, 2022",103,109,LOSS,3,0,0
327,Bucks,Knicks,Bucks @ Knicks,0022200316,"November 30, 2022",109,103,WON,0,0,0
328,Thunder,Spurs,Thunder vs Spurs,0022200319,"November 30, 2022",119,111,WON,2,0,0
329,Spurs,Thunder,Spurs @ Thunder,0022200319,"November 30, 2022",111,119,LOSS,0,0,0
330,Mavericks,Warriors,Mavericks vs Warriors,0022200310,"November 29, 2022",116,113,WON,2,0,0
331,Warriors,Mavericks,Warriors @ Mavericks,0022200310,"November 29, 2022",113,116,LOSS,0,1,0
332,Trail Blazers,Clippers,Trail Blazers vs Clippers,0022200311,"November 29, 2022",112,118,LOSS,3,0,0
333,Clippers,Trail Blazers,Clippers @ Trail Blazers,0022200311,"November 29, 2022",118,112,WON,0,1,0
334,76ers,Hawks,76ers vs Hawks,0022200299,"November 28, 2022",104,101,WON,2,0,0
335,Hawks,76ers,Hawks @ 76ers,0022200299,"November 28, 2022",101,104,LOSS,0,0,0
336,Pelicans,Thunder,Pelicans vs Thunder,0022200304,"November 28, 2022",105,101,WON,1,1,0
337,Thunder,Pelicans,Thunder @ Pelicans,0022200304,"November 28, 2022",101,105,LOSS,0,3,0
338,Kings,Suns,Kings vs Suns,0022200307,"November 28, 2022",117,122,LOSS,2,0,0
339,Suns,Kings,Suns @ Kings,0022200307,"November 28, 2022",122,117,WON,0,0,0
340,Lakers,Pacers,Lakers vs Pacers,0022200308,"November 28, 2022",115,116,LOSS,1,0,0
341,Pacers,Lakers,Pacers @ Lakers,0022200308,"November 28, 2022",116,115,WON,0,1,0
342,Knicks,Grizzlies,Knicks vs Grizzlies,0022200296,"November 27, 2022",123,127,LOSS,3,0,0
343,Grizzlies,Knicks,Grizzlies @ Knicks,0022200296,"November 27, 2022",127,123,WON,0,0,0
344,Raptors,Mavericks,Raptors vs Mavericks,0022200286,"November 26, 2022",105,100,WON,2,0,0
345,Mavericks,Raptors,Mavericks @ Raptors,0022200286,"November 26, 2022",100,105,LOSS,0,0,0
346,Suns,Jazz,Suns vs Jazz,0022200289,"November 26, 2022",113,112,WON,2,2,0
347,Jazz,Suns,Jazz @ Suns,0022200289,"November 26, 2022",112,113,LOSS,0,0,0
348,Hornets,Timberwolves,Hornets vs Timberwolves,0022200272,"November 25, 2022",110,108,WON,1,0,0
349,Timberwolves,Hornets,Timberwolves @ Hornets,0022200272,"November 25, 2022",108,110,LOSS,0,2,0
350,Knicks,Trail Blazers,Knicks vs Trail Blazers,0022200274,"November 25, 2022",129,132,LOSS,8,2,0
351,Trail Blazers,Knicks,Trail Blazers @ Knicks,0022200274,"November 25, 2022",132,129,WON,1,1,0
352,Heat,Wizards,Heat vs Wizards,0022200277,"November 25, 2022",110,107,WON,0,0,0
353,Wizards,Heat,Wizards @ Heat,0022200277,"November 25, 2022",107,110,LOSS,0,0,0
354,Rockets,Hawks,Rockets vs Hawks,0022200278,"November 25, 2022",128,122,WON,4,0,0
355,Hawks,Rockets,Hawks @ Rockets,0022200278,"November 25, 2022",122,128,LOSS,0,0,0
356,Thunder,Bulls,Thunder vs Bulls,0022200281,"November 25, 2022",123,119,WON,3,0,0
357,Bulls,Thunder,Bulls @ Thunder,0022200281,"November 25, 2022",119,123,LOSS,0,1,0
358,Suns,Pistons,Suns vs Pistons,0022200283,"November 25, 2022",108,102,WON,1,1,0
359,Pistons,Suns,Pistons @ Suns,0022200283,"November 25, 2022",102,108,LOSS,0,0,0
360,Hornets,76ers,Hornets vs 76ers,0022200260,"November 23, 2022",107,101,WON,2,0,0
361,76ers,Hornets,76ers @ Hornets,0022200260,"November 23, 2022",101,107,LOSS,0,2,0
362,Bucks,Bulls,Bucks vs Bulls,0022200267,"November 23, 2022",113,118,LOSS,5,1,0
363,Bulls,Bucks,Bulls @ Bucks,0022200267,"November 23, 2022",118,113,WON,0,1,0
364,Thunder,Nuggets,Thunder vs Nuggets,0022200268,"November 23, 2022",126,131,LOSS,3,2,0
365,Nuggets,Thunder,Nuggets @ Thunder,0022200268,"November 23, 2022",131,126,WON,0,0,0
366,Grizzlies,Kings,Grizzlies vs Kings,0022200257,"November 22, 2022",109,113,LOSS,6,2,0
367,Kings,Grizzlies,Kings @ Grizzlies,0022200257,"November 22, 2022",113,109,WON,0,1,0
368,Nuggets,Pistons,Nuggets vs Pistons,0022200258,"November 22, 2022",108,110,LOSS,3,3,0
369,Pistons,Nuggets,Pistons @ Nuggets,0022200258,"November 22, 2022",110,108,WON,0,2,0
370,Timberwolves,Heat,Timberwolves vs Heat,0022200252,"November 21, 2022",105,101,WON,1,1,0
371,Heat,Timberwolves,Heat @ Timberwolves,0022200252,"November 21, 2022",101,105,LOSS,0,2,0
372,Wizards,Hornets,Wizards vs Hornets,0022200241,"November 20, 2022",106,102,WON,3,0,0
373,Hornets,Wizards,Hornets @ Wizards,0022200241,"November 20, 2022",102,106,LOSS,0,0,0
374,Kings,Pistons,Kings vs Pistons,0022200242,"November 20, 2022",137,129,WON,2,0,0
375,Pistons,Kings,Pistons @ Kings,0022200242,"November 20, 2022",129,137,LOSS,0,2,0
376,Rockets,Warriors,Rockets vs Warriors,0022200245,"November 20, 2022",120,127,LOSS,2,2,0
377,Warriors,Rockets,Warriors @ Rockets,0022200245,"November 20, 2022",127,120,WON,0,1,0
378,Mavericks,Nuggets,Mavericks vs Nuggets,0022200246,"November 20, 2022",97,98,LOSS,1,1,0
379,Nuggets,Mavericks,Nuggets @ Mavericks,0022200246,"November 20, 2022",98,97,WON,0,1,0
380,Hawks,Raptors,Hawks vs Raptors,0022200235,"November 19, 2022",124,122,WON,4,2,0
381,Raptors,Hawks,Raptors @ Hawks,0022200235,"November 19, 2022",122,124,LOSS,0,0,0
382,Pacers,Magic,Pacers vs Magic,0022200236,"November 19, 2022",114,113,WON,0,0,0
383,Magic,Pacers,Magic @ Pacers,0022200236,"November 19, 2022",113,114,LOSS,0,1,0
384,76ers,Timberwolves,76ers vs Timberwolves,0022200237,"November 19, 2022",109,112,LOSS,2,3,0
385,Timberwolves,76ers,Timberwolves @ 76ers,0022200237,"November 19, 2022",112,109,WON,0,2,0
386,Trail Blazers,Jazz,Trail Blazers vs Jazz,0022200238,"November 19, 2022",113,118,LOSS,3,0,0
387,Jazz,Trail Blazers,Jazz @ Trail Blazers,0022200238,"November 19, 2022",118,113,WON,0,0,0
388,Wizards,Heat,Wizards vs Heat,0022200224,"November 18, 2022",107,106,WON,2,2,0
389,Heat,Wizards,Heat @ Wizards,0022200224,"November 18, 2022",106,107,LOSS,0,1,0
390,Cavaliers,Hornets,Cavaliers vs Hornets,0022200225,"November 18, 2022",132,122,WON,0,1,0
391,Hornets,Cavaliers,Hornets @ Cavaliers,0022200225,"November 18, 2022",122,132,LOSS,0,1,0
392,Bulls,Magic,Bulls vs Magic,0022200227,"November 18, 2022",107,108,LOSS,1,0,0
393,Magic,Bulls,Magic @ Bulls,0022200227,"November 18, 2022",108,107,WON,0,1,0
394,Jazz,Suns,Jazz vs Suns,0022200232,"November 18, 2022",134,133,WON,2,0,0
395,Suns,Jazz,Suns @ Jazz,0022200232,"November 18, 2022",133,134,LOSS,0,0,0
396,Trail Blazers,Nets,Trail Blazers vs Nets,0022200221,"November 17, 2022",107,109,LOSS,1,1,0
397,Nets,Trail Blazers,Nets @ Trail Blazers,0022200221,"November 17, 2022",109,107,WON,0,0,0
398,Wizards,Thunder,Wizards vs Thunder,0022200213,"November 16, 2022",120,121,LOSS,1,0,0
399,Thunder,Wizards,Thunder @ Wizards,0022200213,"November 16, 2022",121,120,WON,0,0,0
400,Nuggets,Knicks,Nuggets vs Knicks,0022200219,"November 16, 2022",103,106,LOSS,2,0,0
401,Knicks,Nuggets,Knicks @ Nuggets,0022200219,"November 16, 2022",106,103,WON,0,0,0
402,Mavericks,Clippers,Mavericks vs Clippers,0022200207,"November 15, 2022",103,101,WON,1,0,0
403,Clippers,Mavericks,Clippers @ Mavericks,0022200207,"November 15, 2022",101,103,LOSS,0,1,0
404,Trail Blazers,Spurs,Trail Blazers vs Spurs,0022200209,"November 15, 2022",117,110,WON,0,0,0
405,Spurs,Trail Blazers,Spurs @ Trail Blazers,0022200209,"November 15, 2022",110,117,LOSS,0,0,0
406,Pistons,Raptors,Pistons vs Raptors,0022200199,"November 14, 2022",111,115,LOSS,3,2,0
407,Raptors,Pistons,Raptors @ Pistons,0022200199,"November 14, 2022",115,111,WON,0,0,0
408,Celtics,Thunder,Celtics vs Thunder,0022200201,"November 14, 2022",126,122,WON,2,1,0
409,Thunder,Celtics,Thunder @ Celtics,0022200201,"November 14, 2022",122,126,LOSS,0,0,0
410,Heat,Suns,Heat vs Suns,0022200202,"November 14, 2022",113,112,WON,1,2,0
411,Suns,Heat,Suns @ Heat,0022200202,"November 14, 2022",112,113,LOSS,1,2,0
412,Cavaliers,Timberwolves,Cavaliers vs Timberwolves,0022200193,"November 13, 2022",124,129,LOSS,3,3,0
413,Timberwolves,Cavaliers,Timberwolves @ Cavaliers,0022200193,"November 13, 2022",129,124,WON,0,0,0
414,76ers,Jazz,76ers vs Jazz,0022200195,"November 13, 2022",105,98,WON,2,2,0
415,Jazz,76ers,Jazz @ 76ers,0022200195,"November 13, 2022",98,105,LOSS,0,0,0
416,Mavericks,Trail Blazers,Mavericks vs Trail Blazers,0022200190,"November 12, 2022",117,112,WON,2,0,0
417,Trail Blazers,Mavericks,Trail Blazers @ Mavericks,0022200190,"November 12, 2022",112,117,LOSS,0,1,0
418,Pelicans,Rockets,Pelicans vs Rockets,0022200191,"November 12, 2022",119,106,WON,1,0,0
419,Rockets,Pelicans,Rockets @ Pelicans,0022200191,"November 12, 2022",106,119,LOSS,0,1,0
420,Warriors,Cavaliers,Warriors vs Cavaliers,0022200182,"November 11, 2022",106,101,WON,2,1,0
421,Cavaliers,Warriors,Cavaliers @ Warriors,0022200182,"November 11, 2022",101,106,LOSS,0,0,0
422,Lakers,Kings,Lakers vs Kings,0022200183,"November 11, 2022",114,120,LOSS,3,1,0
423,Kings,Lakers,Kings @ Lakers,0022200183,"November 11, 2022",120,114,WON,0,0,0
424,Heat,Hornets,Heat vs Hornets,0022200174,"November 10, 2022",117,112,WON,2,0,0
425,Hornets,Heat,Hornets @ Heat,0022200174,"November 10, 2022",112,117,LOSS,0,2,0
426,Pacers,Nuggets,Pacers vs Nuggets,0022200160,"November 09, 2022",119,122,LOSS,3,1,0
427,Nuggets,Pacers,Nuggets @ Pacers,0022200160,"November 09, 2022",122,119,WON,0,3,0
428,Bulls,Pelicans,Bulls vs Pelicans,0022200166,"November 09, 2022",111,115,LOSS,4,1,0
429,Pelicans,Bulls,Pelicans @ Bulls,0022200166,"November 09, 2022",115,111,WON,0,2,0
430,Thunder,Bucks,Thunder vs Bucks,0022200168,"November 09, 2022",132,136,LOSS,6,1,0
431,Bucks,Thunder,Bucks @ Thunder,0022200168,"November 09, 2022",136,132,WON,0,2,0
432,Spurs,Grizzlies,Spurs vs Grizzlies,0022200169,"November 09, 2022",122,124,LOSS,2,1,0
433,Grizzlies,Spurs,Grizzlies @ Spurs,0022200169,"November 09, 2022",124,122,WON,0,0,0
434,Kings,Cavaliers,Kings vs Cavaliers,0022200171,"November 09, 2022",127,120,WON,2,0,0
435,Cavaliers,Kings,Cavaliers @ Kings,0022200171,"November 09, 2022",120,127,LOSS,0,1,0
436,Heat,Trail Blazers,Heat vs Trail Blazers,0022200150,"November 07, 2022",107,110,LOSS,4,0,0
437,Trail Blazers,Heat,Trail Blazers @ Heat,0022200150,"November 07, 2022",110,107,WON,0,1,0
438,Grizzlies,Celtics,Grizzlies vs Celtics,0022200152,"November 07, 2022",106,109,LOSS,4,3,0
439,Celtics,Grizzlies,Celtics @ Grizzlies,0022200152,"November 07, 2022",109,106,WON,0,0,0
440,Spurs,Nuggets,Spurs vs Nuggets,0022200154,"November 07, 2022",109,115,LOSS,1,1,0
441,Nuggets,Spurs,Nuggets @ Spurs,0022200154,"November 07, 2022",115,109,WON,0,0,0
442,Mavericks,Nets,Mavericks vs Nets,0022200155,"November 07, 2022",96,94,WON,3,0,0
443,Nets,Mavericks,Nets @ Mavericks,0022200155,"November 07, 2022",94,96,LOSS,0,2,0
444,Warriors,Kings,Warriors vs Kings,0022200156,"November 07, 2022",116,113,WON,2,2,0
445,Kings,Warriors,Kings @ Warriors,0022200156,"November 07, 2022",113,116,LOSS,0,0,0
446,Clippers,Cavaliers,Clippers vs Cavaliers,0022200158,"November 07, 2022",119,117,WON,2,2,0
447,Cavaliers,Clippers,Cavaliers @ Clippers,0022200158,"November 07, 2022",117,119,LOSS,0,1,0
448,Magic,Kings,Magic vs Kings,0022200132,"November 05, 2022",123,126,LOSS,4,2,0
449,Kings,Magic,Kings @ Magic,0022200132,"November 05, 2022",126,123,WON,0,3,0
450,Hornets,Nets,Hornets vs Nets,0022200133,"November 05, 2022",94,98,LOSS,2,2,0
451,Nets,Hornets,Nets @ Hornets,0022200133,"November 05, 2022",98,94,WON,0,0,0
452,Hawks,Pelicans,Hawks vs Pelicans,0022200134,"November 05, 2022",124,121,WON,4,2,0
453,Pelicans,Hawks,Pelicans @ Hawks,0022200134,"November 05, 2022",121,124,LOSS,0,1,0
454,Pacers,Heat,Pacers vs Heat,0022200121,"November 04, 2022",101,99,WON,2,2,0
455,Heat,Pacers,Heat @ Pacers,0022200121,"November 04, 2022",99,101,LOSS,0,0,0
456,76ers,Knicks,76ers vs Knicks,0022200122,"November 04, 2022",104,106,LOSS,6,1,0
457,Knicks,76ers,Knicks @ 76ers,0022200122,"November 04, 2022",106,104,WON,0,0,0
458,Celtics,Bulls,Celtics vs Bulls,0022200124,"November 04, 2022",123,119,WON,2,0,0
459,Bulls,Celtics,Bulls @ Celtics,0022200124,"November 04, 2022",119,123,LOSS,0,3,0
460,Mavericks,Raptors,Mavericks vs Raptors,0022200127,"November 04, 2022",111,110,WON,1,2,0
461,Raptors,Mavericks,Raptors @ Mavericks,0022200127,"November 04, 2022",110,111,LOSS,0,1,0
462,Suns,Trail Blazers,Suns vs Trail Blazers,0022200130,"November 04, 2022",106,108,LOSS,1,0,0
463,Trail Blazers,Suns,Trail Blazers @ Suns,0022200130,"November 04, 2022",108,106,WON,0,3,0
464,Magic,Warriors,Magic vs Warriors,0022200118,"November 03, 2022",130,129,WON,2,0,0
465,Warriors,Magic,Warriors @ Magic,0022200118,"November 03, 2022",129,130,LOSS,0,1,0
466,Cavaliers,Celtics,Cavaliers vs Celtics,0022200107,"November 02, 2022",114,113,WON,2,2,0
467,Celtics,Cavaliers,Celtics @ Cavaliers,0022200107,"November 02, 2022",113,114,LOSS,0,2,0
468,Heat,Kings,Heat vs Kings,0022200109,"November 02, 2022",110,107,WON,2,1,0
469,Kings,Heat,Kings @ Heat,0022200109,"November 02, 2022",107,110,LOSS,0,0,0
470,Mavericks,Jazz,Mavericks vs Jazz,0022200115,"November 02, 2022",103,100,WON,0,1,0
471,Jazz,Mavericks,Jazz @ Mavericks,0022200115,"November 02, 2022",100,103,LOSS,0,0,0
472,Trail Blazers,Grizzlies,Trail Blazers vs Grizzlies,0022200116,"November 02, 2022",106,111,LOSS,6,0,0
473,Grizzlies,Trail Blazers,Grizzlies @ Trail Blazers,0022200116,"November 02, 2022",111,106,WON,0,3,0
474,Lakers,Pelicans,Lakers vs Pelicans,0022200117,"November 02, 2022",120,117,WON,3,1,0
475,Pelicans,Lakers,Pelicans @ Lakers,0022200117,"November 02, 2022",117,120,LOSS,0,1,0
476,Heat,Warriors,Heat vs Warriors,0022200104,"November 01, 2022",116,109,WON,1,0,0
477,Warriors,Heat,Warriors @ Heat,0022200104,"November 01, 2022",109,116,LOSS,0,0,0
478,Thunder,Magic,Thunder vs Magic,0022200105,"November 01, 2022",116,108,WON,3,0,0
479,Magic,Thunder,Magic @ Thunder,0022200105,"November 01, 2022",108,116,LOSS,0,0,0
480,Hornets,Kings,Hornets vs Kings,0022200096,"October 31, 2022",108,115,LOSS,3,1,0
481,Kings,Hornets,Kings @ Hornets,0022200096,"October 31, 2022",115,108,WON,0,0,0
482,Nets,Pacers,Nets vs Pacers,0022200098,"October 31, 2022",116,109,WON,0,2,0
483,Pacers,Nets,Pacers @ Nets,0022200098,"October 31, 2022",109,116,LOSS,0,3,0
484,Bucks,Pistons,Bucks vs Pistons,0022200100,"October 31, 2022",110,108,WON,1,0,0
485,Pistons,Bucks,Pistons @ Bucks,0022200100,"October 31, 2022",108,110,LOSS,0,1,0
486,Clippers,Rockets,Clippers vs Rockets,0022200102,"October 31, 2022",95,93,WON,1,0,0
487,Rockets,Clippers,Rockets @ Clippers,0022200102,"October 31, 2022",93,95,LOSS,0,2,0
488,Hornets,Warriors,Hornets vs Warriors,0022200082,"October 29, 2022",120,113,WON,1,0,0
489,Warriors,Hornets,Warriors @ Hornets,0022200082,"October 29, 2022",113,120,LOSS,0,3,0
490,Bulls,76ers,Bulls vs 76ers,0022200084,"October 29, 2022",109,114,LOSS,2,1,0
491,76ers,Bulls,76ers @ Bulls,0022200084,"October 29, 2022",114,109,WON,0,0,0
492,Bucks,Hawks,Bucks vs Hawks,0022200085,"October 29, 2022",123,115,WON,2,1,0
493,Hawks,Bucks,Hawks @ Bucks,0022200085,"October 29, 2022",115,123,LOSS,0,0,0
494,Mavericks,Thunder,Mavericks vs Thunder,0022200086,"October 29, 2022",111,117,LOSS,0,2,0
495,Thunder,Mavericks,Thunder @ Mavericks,0022200086,"October 29, 2022",117,111,WON,0,1,0
496,Jazz,Grizzlies,Jazz vs Grizzlies,0022200087,"October 29, 2022",124,123,WON,1,1,0
497,Grizzlies,Jazz,Grizzlies @ Jazz,0022200087,"October 29, 2022",123,124,LOSS,0,2,0
498,Celtics,Cavaliers,Celtics vs Cavaliers,0022200072,"October 28, 2022",123,132,LOSS,6,1,0
499,Cavaliers,Celtics,Cavaliers @ Celtics,0022200072,"October 28, 2022",132,123,WON,0,0,0
500,Spurs,Bulls,Spurs vs Bulls,0022200077,"October 28, 2022",129,124,WON,1,1,0
501,Bulls,Spurs,Bulls @ Spurs,0022200077,"October 28, 2022",124,129,LOSS,0,1,0
502,Nets,Mavericks,Nets vs Mavericks,0022200066,"October 27, 2022",125,129,LOSS,4,1,0
503,Mavericks,Nets,Mavericks @ Nets,0022200066,"October 27, 2022",129,125,WON,0,2,0
504,Pistons,Hawks,Pistons vs Hawks,0022200057,"October 26, 2022",113,118,LOSS,3,1,0
505,Hawks,Pistons,Hawks @ Pistons,0022200057,"October 26, 2022",118,113,WON,0,1,0
506,Knicks,Hornets,Knicks vs Hornets,0022200058,"October 26, 2022",134,131,WON,2,1,0
507,Hornets,Knicks,Hornets @ Knicks,0022200058,"October 26, 2022",131,134,LOSS,0,3,0
508,Pelicans,Mavericks,Pelicans vs Mavericks,0022200053,"October 25, 2022",113,111,WON,1,1,0
509,Mavericks,Pelicans,Mavericks @ Pelicans,0022200053,"October 25, 2022",111,113,LOSS,0,1,0
510,Heat,Raptors,Heat vs Raptors,0022200045,"October 24, 2022",90,98,LOSS,2,0,0
511,Raptors,Heat,Raptors @ Heat,0022200045,"October 24, 2022",98,90,WON,0,0,0
512,Rockets,Jazz,Rockets vs Jazz,0022200048,"October 24, 2022",114,108,WON,1,0,0
513,Jazz,Rockets,Jazz @ Rockets,0022200048,"October 24, 2022",108,114,LOSS,0,0,0
514,Lakers,Trail Blazers,Lakers vs Trail Blazers,0022200037,"October 23, 2022",104,106,LOSS,1,3,0
515,Trail Blazers,Lakers,Trail Blazers @ Lakers,0022200037,"October 23, 2022",106,104,WON,0,1,0
516,Cavaliers,Wizards,Cavaliers vs Wizards,0022200039,"October 23, 2022",117,107,WON,3,1,0
517,Wizards,Cavaliers,Wizards @ Cavaliers,0022200039,"October 23, 2022",107,117,LOSS,0,1,0
518,Pelicans,Jazz,Pelicans vs Jazz,0022200040,"October 23, 2022",121,122,LOSS,4,0,0
519,Jazz,Pelicans,Jazz @ Pelicans,0022200040,"October 23, 2022",122,121,WON,0,0,0
520,Heat,Raptors,Heat vs Raptors,0022200031,"October 22, 2022",112,109,WON,4,0,0
521,Raptors,Heat,Raptors @ Heat,0022200031,"October 22, 2022",109,112,LOSS,0,2,0
522,Nuggets,Thunder,Nuggets vs Thunder,0022200035,"October 22, 2022",122,117,WON,4,0,0
523,Thunder,Nuggets,Thunder @ Nuggets,0022200035,"October 22, 2022",117,122,LOSS,0,2,0
524,Kings,Clippers,Kings vs Clippers,0022200036,"October 22, 2022",109,111,LOSS,3,0,0
525,Clippers,Kings,Clippers @ Kings,0022200036,"October 22, 2022",111,109,WON,0,2,0
526,Pacers,Spurs,Pacers vs Spurs,0022200018,"October 21, 2022",134,137,LOSS,4,2,0
527,Spurs,Pacers,Spurs @ Pacers,0022200018,"October 21, 2022",137,134,WON,0,2,0
528,Wizards,Bulls,Wizards vs Bulls,0022200019,"October 21, 2022",102,100,WON,1,1,0
529,Bulls,Wizards,Bulls @ Wizards,0022200019,"October 21, 2022",100,102,LOSS,0,0,0
530,Nets,Raptors,Nets vs Raptors,0022200021,"October 21, 2022",109,105,WON,1,1,0
531,Raptors,Nets,Raptors @ Nets,0022200021,"October 21, 2022",105,109,LOSS,0,0,0
532,Timberwolves,Jazz,Timberwolves vs Jazz,0022200025,"October 21, 2022",126,132,LOSS,0,1,0
533,Jazz,Timberwolves,Jazz @ Timberwolves,0022200025,"October 21, 2022",132,126,WON,0,0,0
534,Warriors,Nuggets,Warriors vs Nuggets,0022200026,"October 21, 2022",123,128,LOSS,4,1,0
535,Nuggets,Warriors,Nuggets @ Warriors,0022200026,"October 21, 2022",128,123,WON,0,0,0
536,Trail Blazers,Suns,Trail Blazers vs Suns,0022200027,"October 21, 2022",113,111,WON,3,0,0
537,Suns,Trail Blazers,Suns @ Trail Blazers,0022200027,"October 21, 2022",111,113,LOSS,0,0,0
538,76ers,Bucks,76ers vs Bucks,0022200015,"October 20, 2022",88,90,LOSS,2,1,0
539,Bucks,76ers,Bucks @ 76ers,0022200015,"October 20, 2022",90,88,WON,0,1,0
540,Pistons,Magic,Pistons vs Magic,0022200003,"October 19, 2022",113,109,WON,1,1,0
541,Magic,Pistons,Magic @ Pistons,0022200003,"October 19, 2022",109,113,LOSS,0,2,0
542,Pacers,Wizards,Pacers vs Wizards,0022200004,"October 19, 2022",107,114,LOSS,2,0,0
543,Wizards,Pacers,Wizards @ Pacers,0022200004,"October 19, 2022",114,107,WON,0,0,0
544,Raptors,Cavaliers,Raptors vs Cavaliers,0022200008,"October 19, 2022",108,105,WON,5,0,0
545,Cavaliers,Raptors,Cavaliers @ Raptors,0022200008,"October 19, 2022",105,108,LOSS,0,3,0
546,Grizzlies,Knicks,Grizzlies vs Knicks,0022200009,"October 19, 2022",115,112,WON,5,1,0
547,Knicks,Grizzlies,Knicks @ Grizzlies,0022200009,"October 19, 2022",112,115,LOSS,0,2,0
548,Timberwolves,Thunder,Timberwolves vs Thunder,0022200010,"October 19, 2022",115,108,WON,2,0,0
549,Thunder,Timberwolves,Thunder @ Timberwolves,0022200010,"October 19, 2022",108,115,LOSS,0,1,0
550,Suns,Mavericks,Suns vs Mavericks,0022200013,"October 19, 2022",107,105,WON,2,0,0
551,Mavericks,Suns,Mavericks @ Suns,0022200013,"October 19, 2022",105,107,LOSS,0,1,0
552,Kings,Trail Blazers,Kings vs Trail Blazers,0022200014,"October 19, 2022",108,115,LOSS,7,1,0
553,Trail Blazers,Kings,Trail Blazers @ Kings,0022200014,"October 19, 2022",115,108,WON,0,0,0
