,name,teamName,errorsAgainst,totalErrors,percentErrorsAgainstTeam
0,David Guthrie,Warriors,7,32,21.875
1,Tre Maddox,Mavericks,6,15,40.0
2,Josh Tiven,76ers,6,30,20.0
3,Sean Wright,Nuggets,6,19,31.57894736842105
4,Sean Corbin,Nuggets,6,25,24.0
5,Brent Barnaky,Warriors,5,22,22.727272727272727
6,Josh Tiven,Mavericks,5,30,16.666666666666664
7,Suyash Mehta,Mavericks,5,14,35.714285714285715
8,Ben Taylor,Pacers,5,28,17.857142857142858
9,Ed Malloy,Thunder,5,16,31.25
10,Courtney Kirkland,Pacers,5,21,23.809523809523807
11,Jacyn Goble,Pacers,5,30,16.666666666666664
12,Phenizee Ransom,Pacers,5,17,29.411764705882355
13,Pat Fraher,Kings,5,33,15.151515151515152
14,Pat Fraher,76ers,5,33,15.151515151515152
15,Eric Lewis,Lakers,5,20,25.0
16,Aaron Smith,Warriors,5,19,26.31578947368421
17,Scott Wall,Hornets,4,19,21.052631578947366
18,Matt Myers,Bucks,4,20,20.0
19,Scott Twardoski,Jazz,4,29,13.793103448275861
20,Rodney Mott,Spurs,4,20,20.0
21,Gediminas Petraitis,Pelicans,4,31,12.903225806451612
22,Matt Kallio,Kings,4,15,26.666666666666668
23,Jacyn Goble,76ers,4,30,13.333333333333334
24,Brent Barnaky,Thunder,4,22,18.181818181818183
25,Jacyn Goble,Celtics,4,30,13.333333333333334
26,Jacyn Goble,Cavaliers,4,30,13.333333333333334
27,David Guthrie,Jazz,4,32,12.5
28,Jacyn Goble,Heat,4,30,13.333333333333334
29,Dedric Taylor,Mavericks,4,34,11.76470588235294
30,Brent Barnaky,Celtics,4,22,18.181818181818183
31,Dedric Taylor,Hornets,4,34,11.76470588235294
32,Lauren Holtkamp,Nuggets,4,28,14.285714285714285
33,Lauren Holtkamp,Lakers,4,28,14.285714285714285
34,Courtney Kirkland,Jazz,4,21,19.047619047619047
35,James Capers,Timberwolves,4,19,21.052631578947366
36,Tyler Ford,Pacers,4,25,16.0
37,Tony Brothers,Bucks,4,24,16.666666666666664
38,John Butler,Spurs,4,25,16.0
39,John Butler,Timberwolves,4,25,16.0
40,Justin Van Duyne,Nuggets,4,16,25.0
41,Eric Lewis,Nuggets,4,20,20.0
42,Natalie Sago,Thunder,4,19,21.052631578947366
43,Brandon Schwab,Lakers,4,11,36.36363636363637
44,Nate Green,Heat,4,17,23.52941176470588
45,Matt Boland,Timberwolves,4,25,16.0
46,Gediminas Petraitis,Bucks,4,31,12.903225806451612
47,Matt Boland,Spurs,4,25,16.0
48,Intae Hwang,Hornets,4,6,66.66666666666666
49,Josh Tiven,Raptors,4,30,13.333333333333334
50,David Guthrie,Magic,4,32,12.5
51,David Guthrie,Pistons,4,32,12.5
52,Phenizee Ransom,Hornets,3,17,17.647058823529413
53,Mousa Dagher,Pistons,3,22,13.636363636363635
54,Matt Kallio,Timberwolves,3,15,20.0
55,Matt Kallio,Suns,3,15,20.0
56,Josh Tiven,Timberwolves,3,30,10.0
57,Mousa Dagher,Pacers,3,22,13.636363636363635
58,James Capers,Celtics,3,19,15.789473684210526
59,Aaron Smith,Magic,3,19,15.789473684210526
60,Scott Twardoski,Knicks,3,29,10.344827586206897
61,Scott Twardoski,Hornets,3,29,10.344827586206897
62,Scott Twardoski,Spurs,3,29,10.344827586206897
63,James Capers,Suns,3,19,15.789473684210526
64,Matt Myers,Nuggets,3,20,15.0
65,Courtney Kirkland,Mavericks,3,21,14.285714285714285
66,Jacyn Goble,Rockets,3,30,10.0
67,Leon Wood,Thunder,3,25,12.0
68,Josh Tiven,Spurs,3,30,10.0
69,John Conley,Jazz,3,9,33.33333333333333
70,Zach Zarba,Trail Blazers,3,21,14.285714285714285
71,John Goble,Pacers,3,17,17.647058823529413
72,John Goble,Grizzlies,3,17,17.647058823529413
73,John Goble,Nets,3,17,17.647058823529413
74,Pat O'Connell,Rockets,3,8,37.5
75,Ray Acosta,Celtics,3,14,21.428571428571427
76,Ray Acosta,Mavericks,3,14,21.428571428571427
77,Ray Acosta,Raptors,3,14,21.428571428571427
78,Lauren Holtkamp,Pistons,3,28,10.714285714285714
79,Ed Malloy,Heat,3,16,18.75
80,Ed Malloy,Trail Blazers,3,16,18.75
81,Matt Myers,Pelicans,3,20,15.0
82,Tyler Ford,Heat,3,25,12.0
83,Lauren Holtkamp,Magic,3,28,10.714285714285714
84,Tyler Ford,Nuggets,3,25,12.0
85,Eric Lewis,Mavericks,3,20,15.0
86,Kevin Scott,Suns,3,16,18.75
87,Tre Maddox,Nuggets,3,15,20.0
88,Bill Kennedy,Cavaliers,3,10,30.0
89,Brandon Schwab,Timberwolves,3,11,27.27272727272727
90,John Butler,Hawks,3,25,12.0
91,John Butler,Nuggets,3,25,12.0
92,John Butler,Warriors,3,25,12.0
93,Matt Boland,Trail Blazers,3,25,12.0
94,Matt Boland,Mavericks,3,25,12.0
95,Matt Boland,Hornets,3,25,12.0
96,Marc Davis,Wizards,3,17,17.647058823529413
97,Pat Fraher,Raptors,3,33,9.090909090909092
98,Dedric Taylor,Pacers,3,34,8.823529411764707
99,Leon Wood,Warriors,3,25,12.0
100,Dedric Taylor,Wizards,3,34,8.823529411764707
101,Dedric Taylor,Knicks,3,34,8.823529411764707
102,Dedric Taylor,Heat,3,34,8.823529411764707
103,Tony Brothers,Rockets,3,24,12.5
104,Tony Brothers,Kings,3,24,12.5
105,Tony Brothers,Knicks,3,24,12.5
106,Leon Wood,Hawks,3,25,12.0
107,Scott Wall,Spurs,3,19,15.789473684210526
108,Scott Wall,Kings,3,19,15.789473684210526
109,Marc Davis,Celtics,3,17,17.647058823529413
110,Leon Wood,Magic,3,25,12.0
111,Tyler Ford,Suns,3,25,12.0
112,Zach Zarba,Hawks,3,21,14.285714285714285
113,Zach Zarba,Grizzlies,3,21,14.285714285714285
114,Mousa Dagher,Celtics,3,22,13.636363636363635
115,Nate Green,Pistons,3,17,17.647058823529413
116,Nick Buchert,Mavericks,3,22,13.636363636363635
117,Karl Lane,Timberwolves,3,22,13.636363636363635
118,J.T. Orr,76ers,3,12,25.0
119,J.T. Orr,Thunder,3,12,25.0
120,Gediminas Petraitis,Knicks,3,31,9.67741935483871
121,Gediminas Petraitis,Nets,3,31,9.67741935483871
122,JB DeRosa,Grizzlies,3,20,15.0
123,JB DeRosa,Kings,3,20,15.0
124,Brian Forte,Nuggets,3,21,14.285714285714285
125,Derek Richardson,Trail Blazers,3,10,30.0
126,Zach Zarba,Knicks,3,21,14.285714285714285
127,Jonathan Sterling,Kings,3,17,17.647058823529413
128,Derek Richardson,Nets,3,10,30.0
129,Eric Dalen,Celtics,3,6,50.0
130,Eric Dalen,Timberwolves,3,6,50.0
131,Zach Zarba,Warriors,3,21,14.285714285714285
132,David Guthrie,Hornets,3,32,9.375
133,Natalie Sago,Timberwolves,3,19,15.789473684210526
134,Sean Corbin,Kings,3,25,12.0
135,Sean Corbin,Raptors,3,25,12.0
136,Suyash Mehta,Bulls,3,14,21.428571428571427
137,Karl Lane,Raptors,3,22,13.636363636363635
138,Ben Taylor,Knicks,3,28,10.714285714285714
139,Brett Nansel,Nets,3,16,18.75
140,Jonathan Sterling,Nuggets,3,17,17.647058823529413
141,Jonathan Sterling,Pacers,3,17,17.647058823529413
142,Rodney Mott,Hornets,3,20,15.0
143,Rodney Mott,Celtics,3,20,15.0
144,Jenna Schroeder,Pacers,3,6,50.0
145,Andy Nagy,Trail Blazers,3,12,25.0
146,James Williams,Pistons,3,23,13.043478260869565
147,James Williams,Pelicans,3,23,13.043478260869565
148,Ben Taylor,Nets,3,28,10.714285714285714
149,James Williams,76ers,3,23,13.043478260869565
150,James Williams,Knicks,3,23,13.043478260869565
151,Nick Buchert,Trail Blazers,3,22,13.636363636363635
152,Ben Taylor,Wizards,3,28,10.714285714285714
153,Ashley Moyer-Gleich,76ers,3,8,37.5
154,Brandon Adair,Bulls,2,18,11.11111111111111
155,Brandon Adair,Nuggets,2,18,11.11111111111111
156,Justin Van Duyne,Trail Blazers,2,16,12.5
157,Kevin Scott,Heat,2,16,12.5
158,Rodney Mott,Knicks,2,20,10.0
159,Kevin Scott,Lakers,2,16,12.5
160,Kevin Scott,Bucks,2,16,12.5
161,Jamahl Ralls,Pistons,2,4,50.0
162,Rodney Mott,Cavaliers,2,20,10.0
163,Brandon Adair,Cavaliers,2,18,11.11111111111111
164,Jason Goldenberg,Nuggets,2,12,16.666666666666664
165,Kevin Scott,Jazz,2,16,12.5
166,Tony Brothers,Raptors,2,24,8.333333333333332
167,Brandon Adair,Celtics,2,18,11.11111111111111
168,Tony Brothers,Bulls,2,24,8.333333333333332
169,Nate Green,Suns,2,17,11.76470588235294
170,Robert Hussey,Pelicans,2,10,20.0
171,Curtis Blair,Pistons,2,17,11.76470588235294
172,Mousa Dagher,Raptors,2,22,9.090909090909092
173,Lauren Holtkamp,Knicks,2,28,7.142857142857142
174,Lauren Holtkamp,Jazz,2,28,7.142857142857142
175,Curtis Blair,Timberwolves,2,17,11.76470588235294
176,Curtis Blair,Trail Blazers,2,17,11.76470588235294
177,Lauren Holtkamp,Kings,2,28,7.142857142857142
178,Gediminas Petraitis,Thunder,2,31,6.451612903225806
179,Justin Van Duyne,Mavericks,2,16,12.5
180,Lauren Holtkamp,Wizards,2,28,7.142857142857142
181,Gediminas Petraitis,76ers,2,31,6.451612903225806
182,Gediminas Petraitis,Jazz,2,31,6.451612903225806
183,Gediminas Petraitis,Kings,2,31,6.451612903225806
184,Lauren Holtkamp,Raptors,2,28,7.142857142857142
185,Mousa Dagher,Spurs,2,22,9.090909090909092
186,Gediminas Petraitis,Cavaliers,2,31,6.451612903225806
187,Tyler Ford,Bucks,2,25,8.0
188,Curtis Blair,Nets,2,17,11.76470588235294
189,Curtis Blair,Knicks,2,17,11.76470588235294
190,Curtis Blair,Heat,2,17,11.76470588235294
191,Curtis Blair,Grizzlies,2,17,11.76470588235294
192,Marc Davis,Kings,2,17,11.76470588235294
193,Mousa Dagher,Magic,2,22,9.090909090909092
194,James Capers,Heat,2,19,10.526315789473683
195,James Capers,Mavericks,2,19,10.526315789473683
196,Mousa Dagher,Mavericks,2,22,9.090909090909092
197,Nate Green,Nuggets,2,17,11.76470588235294
198,Robert Hussey,Hawks,2,10,20.0
199,Marc Davis,Timberwolves,2,17,11.76470588235294
200,Nate Green,Hawks,2,17,11.76470588235294
201,Nate Green,Knicks,2,17,11.76470588235294
202,Justin Van Duyne,Thunder,2,16,12.5
203,Andy Nagy,Celtics,2,12,16.666666666666664
204,Jason Goldenberg,76ers,2,12,16.666666666666664
205,Jason Goldenberg,Pacers,2,12,16.666666666666664
206,J.T. Orr,Bulls,2,12,16.666666666666664
207,Brett Nansel,Jazz,2,16,12.5
208,Brett Nansel,Nuggets,2,16,12.5
209,Brett Nansel,Cavaliers,2,16,12.5
210,Brett Nansel,Bucks,2,16,12.5
211,Karl Lane,Trail Blazers,2,22,9.090909090909092
212,Karl Lane,Pelicans,2,22,9.090909090909092
213,Karl Lane,Bulls,2,22,9.090909090909092
214,Karl Lane,76ers,2,22,9.090909090909092
215,Jonathan Sterling,Mavericks,2,17,11.76470588235294
216,Jonathan Sterling,Cavaliers,2,17,11.76470588235294
217,Scott Foster,Pelicans,2,13,15.384615384615385
218,Scott Foster,Magic,2,13,15.384615384615385
219,Scott Foster,Hornets,2,13,15.384615384615385
220,Scott Foster,Hawks,2,13,15.384615384615385
221,Ray Acosta,Knicks,2,14,14.285714285714285
222,Scott Foster,Clippers,2,13,15.384615384615385
223,J.T. Orr,Bucks,2,12,16.666666666666664
224,JB DeRosa,Pelicans,2,20,10.0
225,JB DeRosa,Heat,2,20,10.0
226,Brian Forte,Lakers,2,21,9.523809523809524
227,James Williams,Nuggets,2,23,8.695652173913043
228,James Williams,Nets,2,23,8.695652173913043
229,James Williams,Mavericks,2,23,8.695652173913043
230,James Williams,Heat,2,23,8.695652173913043
231,Ashley Moyer-Gleich,Kings,2,8,25.0
232,Brian Forte,Bucks,2,21,9.523809523809524
233,Brian Forte,Knicks,2,21,9.523809523809524
234,Brian Forte,Thunder,2,21,9.523809523809524
235,JB DeRosa,Bulls,2,20,10.0
236,Brian Forte,Raptors,2,21,9.523809523809524
237,Derek Richardson,Pacers,2,10,20.0
238,Nick Buchert,Pacers,2,22,9.090909090909092
239,Nick Buchert,Clippers,2,22,9.090909090909092
240,Nick Buchert,Bulls,2,22,9.090909090909092
241,Nick Buchert,Timberwolves,2,22,9.090909090909092
242,JB DeRosa,Jazz,2,20,10.0
243,John Goble,Kings,2,17,11.76470588235294
244,Zach Zarba,Clippers,2,21,9.523809523809524
245,John Conley,Timberwolves,2,9,22.22222222222222
246,Matt Boland,76ers,2,25,8.0
247,Dedric Taylor,Nuggets,2,34,5.88235294117647
248,Dedric Taylor,Nets,2,34,5.88235294117647
249,Dedric Taylor,Grizzlies,2,34,5.88235294117647
250,Leon Wood,Heat,2,25,8.0
251,Leon Wood,Kings,2,25,8.0
252,Leon Wood,Nuggets,2,25,8.0
253,Leon Wood,Clippers,2,25,8.0
254,Bill Kennedy,Bucks,2,10,20.0
255,Scott Wall,Heat,2,19,10.526315789473683
256,Bill Kennedy,Nets,2,10,20.0
257,Michael Smith,Celtics,2,7,28.57142857142857
258,Michael Smith,Cavaliers,2,7,28.57142857142857
259,Brandon Schwab,76ers,2,11,18.181818181818183
260,Brandon Schwab,Nuggets,2,11,18.181818181818183
261,Jenna Reneau,Jazz,2,4,50.0
262,Jason Goldenberg,Pelicans,2,12,16.666666666666664
263,Dedric Taylor,Suns,2,34,5.88235294117647
264,Scott Wall,Cavaliers,2,19,10.526315789473683
265,Evan Scott,Grizzlies,2,6,33.33333333333333
266,Scott Twardoski,Bucks,2,29,6.896551724137931
267,Evan Scott,Cavaliers,2,6,33.33333333333333
268,Brandon Adair,Jazz,2,18,11.11111111111111
269,Scott Twardoski,Mavericks,2,29,6.896551724137931
270,Scott Twardoski,Pacers,2,29,6.896551724137931
271,Scott Twardoski,Warriors,2,29,6.896551724137931
272,Scott Twardoski,Kings,2,29,6.896551724137931
273,Scott Twardoski,Nets,2,29,6.896551724137931
274,John Conley,Heat,2,9,22.22222222222222
275,Andy Nagy,Warriors,2,12,16.666666666666664
276,Matt Myers,Cavaliers,2,20,10.0
277,Matt Myers,Celtics,2,20,10.0
278,Mitchell Ervin,Jazz,2,20,10.0
279,Mitchell Ervin,Nuggets,2,20,10.0
280,Mitchell Ervin,Pacers,2,20,10.0
281,Mitchell Ervin,Spurs,2,20,10.0
282,Mitchell Ervin,Heat,2,20,10.0
283,Mark Lindsay,Bulls,2,7,28.57142857142857
284,John Butler,Mavericks,2,25,8.0
285,Mousa Dagher,Nets,2,22,9.090909090909092
286,CJ Washington,Trail Blazers,2,18,11.11111111111111
287,Pat Fraher,Trail Blazers,2,33,6.0606060606060606
288,Pat Fraher,Thunder,2,33,6.0606060606060606
289,Pat Fraher,Jazz,2,33,6.0606060606060606
290,Pat Fraher,Pacers,2,33,6.0606060606060606
291,Sean Corbin,Pistons,2,25,8.0
292,Sean Corbin,76ers,2,25,8.0
293,Sean Corbin,Cavaliers,2,25,8.0
294,CJ Washington,76ers,2,18,11.11111111111111
295,Josh Tiven,Cavaliers,2,30,6.666666666666667
296,CJ Washington,Hawks,2,18,11.11111111111111
297,CJ Washington,Kings,2,18,11.11111111111111
298,CJ Washington,Knicks,2,18,11.11111111111111
299,Courtney Kirkland,76ers,2,21,9.523809523809524
300,Sean Wright,Nets,2,19,10.526315789473683
301,Sean Wright,Hawks,2,19,10.526315789473683
302,Sean Wright,Hornets,2,19,10.526315789473683
303,Pat Fraher,Mavericks,2,33,6.0606060606060606
304,Ben Taylor,Hawks,2,28,7.142857142857142
305,Ben Taylor,Raptors,2,28,7.142857142857142
306,Ben Taylor,Spurs,2,28,7.142857142857142
307,Danielle Scott,Raptors,2,6,33.33333333333333
308,Danielle Scott,Thunder,2,6,33.33333333333333
309,Phenizee Ransom,76ers,2,17,11.76470588235294
310,Aaron Smith,Raptors,2,19,10.526315789473683
311,Aaron Smith,Heat,2,19,10.526315789473683
312,Aaron Smith,Hornets,2,19,10.526315789473683
313,Brent Barnaky,Mavericks,2,22,9.090909090909092
314,Dannica Mosher,Nets,2,11,18.181818181818183
315,Dannica Mosher,Celtics,2,11,18.181818181818183
316,Tyler Ricks,Lakers,2,2,100.0
317,Eric Lewis,Pacers,2,20,10.0
318,Ed Malloy,Celtics,2,16,12.5
319,Eric Lewis,Suns,2,20,10.0
320,Eric Lewis,Celtics,2,20,10.0
321,Tyler Mirkovich,Heat,2,4,50.0
322,Josh Tiven,Lakers,2,30,6.666666666666667
323,Pat Fraher,Bulls,2,33,6.0606060606060606
324,Natalie Sago,Mavericks,2,19,10.526315789473683
325,David Guthrie,Cavaliers,2,32,6.25
326,Suyash Mehta,Heat,2,14,14.285714285714285
327,Natalie Sago,76ers,2,19,10.526315789473683
328,Natalie Sago,Heat,2,19,10.526315789473683
329,Suyash Mehta,Lakers,2,14,14.285714285714285
330,David Guthrie,Nets,2,32,6.25
331,David Guthrie,Kings,2,32,6.25
332,Natalie Sago,Kings,2,19,10.526315789473683
333,Tre Maddox,Lakers,2,15,13.333333333333334
334,Ray Acosta,Pacers,1,14,7.142857142857142
335,Marc Davis,Jazz,1,17,5.88235294117647
336,Scott Foster,Trail Blazers,1,13,7.6923076923076925
337,Ray Acosta,Nets,1,14,7.142857142857142
338,Ray Acosta,Kings,1,14,7.142857142857142
339,Ed Malloy,Mavericks,1,16,6.25
340,Ed Malloy,Lakers,1,16,6.25
341,Marc Davis,Hornets,1,17,5.88235294117647
342,Tre Maddox,Suns,1,15,6.666666666666667
343,Pat O'Connell,Mavericks,1,8,12.5
344,Pat O'Connell,Jazz,1,8,12.5
345,Marc Davis,Suns,1,17,5.88235294117647
346,Pat O'Connell,76ers,1,8,12.5
347,Pat O'Connell,Cavaliers,1,8,12.5
348,Pat O'Connell,Grizzlies,1,8,12.5
349,Marat Kogut,Suns,1,3,33.33333333333333
350,Scott Foster,Cavaliers,1,13,7.6923076923076925
351,Scott Foster,Celtics,1,13,7.6923076923076925
352,Marat Kogut,Magic,1,3,33.33333333333333
353,Mousa Dagher,Kings,1,22,4.545454545454546
354,John Goble,Celtics,1,17,5.88235294117647
355,Ed Malloy,Pacers,1,16,6.25
356,Ben Taylor,Cavaliers,1,28,3.571428571428571
357,Marc Davis,Nuggets,1,17,5.88235294117647
358,Marc Davis,Mavericks,1,17,5.88235294117647
359,Karl Lane,Kings,1,22,4.545454545454546
360,Karl Lane,Wizards,1,22,4.545454545454546
361,Jenna Schroeder,Cavaliers,1,6,16.666666666666664
362,Jenna Schroeder,Mavericks,1,6,16.666666666666664
363,Jenna Schroeder,Nets,1,6,16.666666666666664
364,Ben Taylor,Thunder,1,28,3.571428571428571
365,Karl Lane,Suns,1,22,4.545454545454546
366,Karl Lane,Pistons,1,22,4.545454545454546
367,Karl Lane,Magic,1,22,4.545454545454546
368,Karl Lane,Jazz,1,22,4.545454545454546
369,Karl Lane,Hawks,1,22,4.545454545454546
370,Karl Lane,Cavaliers,1,22,4.545454545454546
371,Jonathan Sterling,Magic,1,17,5.88235294117647
372,Jonathan Sterling,Nets,1,17,5.88235294117647
373,Jonathan Sterling,Bucks,1,17,5.88235294117647
374,Jonathan Sterling,76ers,1,17,5.88235294117647
375,Ben Taylor,Celtics,1,28,3.571428571428571
376,Mousa Dagher,Jazz,1,22,4.545454545454546
377,Ben Taylor,Kings,1,28,3.571428571428571
378,John Goble,Knicks,1,17,5.88235294117647
379,John Goble,Nuggets,1,17,5.88235294117647
380,John Goble,Thunder,1,17,5.88235294117647
381,John Goble,Wizards,1,17,5.88235294117647
382,Danielle Scott,Bucks,1,6,16.666666666666664
383,David Guthrie,Lakers,1,32,3.125
384,David Guthrie,Rockets,1,32,3.125
385,David Guthrie,Wizards,1,32,3.125
386,Aaron Smith,Bulls,1,19,5.263157894736842
387,Aaron Smith,Nets,1,19,5.263157894736842
388,Aaron Smith,Mavericks,1,19,5.263157894736842
389,Aaron Smith,Pelicans,1,19,5.263157894736842
390,Mark Lindsay,Bucks,1,7,14.285714285714285
391,Mark Lindsay,Lakers,1,7,14.285714285714285
392,Mark Lindsay,Nets,1,7,14.285714285714285
393,Mark Lindsay,Hawks,1,7,14.285714285714285
394,Mark Lindsay,Spurs,1,7,14.285714285714285
395,Matt Myers,Nets,1,20,5.0
396,Matt Myers,Grizzlies,1,20,5.0
397,Matt Myers,Clippers,1,20,5.0
398,Matt Myers,Trail Blazers,1,20,5.0
399,Matt Myers,Timberwolves,1,20,5.0
400,Matt Myers,Thunder,1,20,5.0
401,Aaron Smith,Hawks,1,19,5.263157894736842
402,Dannica Mosher,Cavaliers,1,11,9.090909090909092
403,Danielle Scott,Mavericks,1,6,16.666666666666664
404,Scott Twardoski,Cavaliers,1,29,3.4482758620689653
405,Scott Twardoski,Grizzlies,1,29,3.4482758620689653
406,Matt Kallio,Nuggets,1,15,6.666666666666667
407,Ben Taylor,Mavericks,1,28,3.571428571428571
408,John Goble,Mavericks,1,17,5.88235294117647
409,Marat Kogut,Lakers,1,3,33.33333333333333
410,Brent Haskill,Kings,1,1,100.0
411,Jacyn Goble,Thunder,1,30,3.3333333333333335
412,Jacyn Goble,Lakers,1,30,3.3333333333333335
413,Evan Scott,Clippers,1,6,16.666666666666664
414,Evan Scott,Raptors,1,6,16.666666666666664
415,Matt Kallio,Thunder,1,15,6.666666666666667
416,Matt Kallio,Lakers,1,15,6.666666666666667
417,Scott Twardoski,Rockets,1,29,3.4482758620689653
418,Matt Kallio,Jazz,1,15,6.666666666666667
419,Matt Kallio,Bulls,1,15,6.666666666666667
420,Jacyn Goble,Knicks,1,30,3.3333333333333335
421,Jacyn Goble,Kings,1,30,3.3333333333333335
422,Jacyn Goble,Bulls,1,30,3.3333333333333335
423,David Guthrie,Bulls,1,32,3.125
424,Brandon Adair,Bucks,1,18,5.555555555555555
425,Jacyn Goble,Bucks,1,30,3.3333333333333335
426,Scott Twardoski,76ers,1,29,3.4482758620689653
427,Ben Taylor,Pelicans,1,28,3.571428571428571
428,Marc Davis,Knicks,1,17,5.88235294117647
429,Ben Taylor,Hornets,1,28,3.571428571428571
430,Leon Wood,Pelicans,1,25,4.0
431,Andy Nagy,Rockets,1,12,8.333333333333332
432,Leon Wood,Mavericks,1,25,4.0
433,Leon Wood,Lakers,1,25,4.0
434,Leon Wood,Suns,1,25,4.0
435,Tre Maddox,Magic,1,15,6.666666666666667
436,Tre Maddox,Clippers,1,15,6.666666666666667
437,Andy Nagy,Bulls,1,12,8.333333333333332
438,Sean Wright,Mavericks,1,19,5.263157894736842
439,Sean Wright,Lakers,1,19,5.263157894736842
440,Ashley Moyer-Gleich,Pacers,1,8,12.5
441,Brian Forte,Heat,1,21,4.761904761904762
442,Brian Forte,Grizzlies,1,21,4.761904761904762
443,Brian Forte,Celtics,1,21,4.761904761904762
444,Brian Forte,Cavaliers,1,21,4.761904761904762
445,Brian Forte,Bulls,1,21,4.761904761904762
446,Brian Forte,Rockets,1,21,4.761904761904762
447,Brian Forte,Pelicans,1,21,4.761904761904762
448,Brian Forte,Mavericks,1,21,4.761904761904762
449,Sean Wright,Thunder,1,19,5.263157894736842
450,Sean Wright,Trail Blazers,1,19,5.263157894736842
451,Sean Wright,Grizzlies,1,19,5.263157894736842
452,Sean Wright,Pelicans,1,19,5.263157894736842
453,Leon Wood,Pistons,1,25,4.0
454,Ben Taylor,Pistons,1,28,3.571428571428571
455,James Williams,Thunder,1,23,4.3478260869565215
456,Bill Kennedy,Mavericks,1,10,10.0
457,Bill Kennedy,Knicks,1,10,10.0
458,Bill Kennedy,Hornets,1,10,10.0
459,John Conley,Clippers,1,9,11.11111111111111
460,John Conley,Cavaliers,1,9,11.11111111111111
461,Sha'Rae Mitchell,Kings,1,1,100.0
462,Tre Maddox,Pistons,1,15,6.666666666666667
463,Zach Zarba,Kings,1,21,4.761904761904762
464,Zach Zarba,Lakers,1,21,4.761904761904762
465,Zach Zarba,Suns,1,21,4.761904761904762
466,Zach Zarba,Pacers,1,21,4.761904761904762
467,Josh Tiven,Bulls,1,30,3.3333333333333335
468,Josh Tiven,Clippers,1,30,3.3333333333333335
469,Josh Tiven,Nets,1,30,3.3333333333333335
470,Josh Tiven,Magic,1,30,3.3333333333333335
471,Josh Tiven,Kings,1,30,3.3333333333333335
472,Andy Nagy,Thunder,1,12,8.333333333333332
473,Andy Nagy,Lakers,1,12,8.333333333333332
474,Andy Nagy,Wizards,1,12,8.333333333333332
475,James Williams,Bucks,1,23,4.3478260869565215
476,James Williams,Bulls,1,23,4.3478260869565215
477,Sean Wright,Clippers,1,19,5.263157894736842
478,Cheryl Flores,Heat,1,3,33.33333333333333
479,Cheryl Flores,Rockets,1,3,33.33333333333333
480,Ashley Moyer-Gleich,Timberwolves,1,8,12.5
481,Kevin Scott,Hornets,1,16,6.25
482,Kevin Scott,Hawks,1,16,6.25
483,Dannica Mosher,Suns,1,11,9.090909090909092
484,Nick Buchert,Kings,1,22,4.545454545454546
485,Nick Buchert,Nets,1,22,4.545454545454546
486,Nick Buchert,Nuggets,1,22,4.545454545454546
487,J.T. Orr,Mavericks,1,12,8.333333333333332
488,J.T. Orr,Trail Blazers,1,12,8.333333333333332
489,Kevin Cutler,Bulls,1,4,25.0
490,Nick Buchert,Warriors,1,22,4.545454545454546
491,Tom Washington,Raptors,1,1,100.0
492,Kevin Cutler,Kings,1,4,25.0
493,Kevin Cutler,Knicks,1,4,25.0
494,Brett Nansel,Spurs,1,16,6.25
495,Brett Nansel,Kings,1,16,6.25
496,Brett Nansel,Clippers,1,16,6.25
497,Brett Nansel,76ers,1,16,6.25
498,Brett Nansel,Hawks,1,16,6.25
499,Kevin Cutler,Suns,1,4,25.0
500,Marc Davis,Warriors,1,17,5.88235294117647
501,Derrick Collins,Timberwolves,1,1,100.0
502,Nick Buchert,Heat,1,22,4.545454545454546
503,Nick Buchert,Hawks,1,22,4.545454545454546
504,Nick Buchert,Bucks,1,22,4.545454545454546
505,Sean Corbin,Lakers,1,25,4.0
506,Ashley Moyer-Gleich,Bulls,1,8,12.5
507,Derek Richardson,Lakers,1,10,10.0
508,Derek Richardson,Suns,1,10,10.0
509,Cheryl Flores,Knicks,1,3,33.33333333333333
510,Kevin Scott,Wizards,1,16,6.25
511,Kevin Scott,Thunder,1,16,6.25
512,Kevin Scott,Mavericks,1,16,6.25
513,Sean Corbin,Suns,1,25,4.0
514,Sean Corbin,Knicks,1,25,4.0
515,JB DeRosa,Nuggets,1,20,5.0
516,Nick Buchert,Pelicans,1,22,4.545454545454546
517,JB DeRosa,Knicks,1,20,5.0
518,JB DeRosa,Cavaliers,1,20,5.0
519,JB DeRosa,Hawks,1,20,5.0
520,JB DeRosa,Hornets,1,20,5.0
521,JB DeRosa,Warriors,1,20,5.0
522,Sean Corbin,Magic,1,25,4.0
523,Sean Corbin,Mavericks,1,25,4.0
524,Sean Corbin,Bulls,1,25,4.0
525,Sean Corbin,Timberwolves,1,25,4.0
526,Dannica Mosher,Clippers,1,11,9.090909090909092
527,Intae Hwang,Jazz,1,6,16.666666666666664
528,Scott Wall,Pelicans,1,19,5.263157894736842
529,Gediminas Petraitis,Suns,1,31,3.225806451612903
530,Gediminas Petraitis,Hornets,1,31,3.225806451612903
531,CJ Washington,Grizzlies,1,18,5.555555555555555
532,CJ Washington,Bulls,1,18,5.555555555555555
533,CJ Washington,Pistons,1,18,5.555555555555555
534,CJ Washington,Nets,1,18,5.555555555555555
535,Gediminas Petraitis,Hawks,1,31,3.225806451612903
536,Gediminas Petraitis,Grizzlies,1,31,3.225806451612903
537,Gediminas Petraitis,Pistons,1,31,3.225806451612903
538,Gediminas Petraitis,Lakers,1,31,3.225806451612903
539,Tony Brothers,76ers,1,24,4.166666666666666
540,Curtis Blair,Hornets,1,17,5.88235294117647
541,Tony Brothers,Mavericks,1,24,4.166666666666666
542,Curtis Blair,Mavericks,1,17,5.88235294117647
543,Tony Brothers,Hornets,1,24,4.166666666666666
544,Tony Brothers,Jazz,1,24,4.166666666666666
545,Tony Brothers,Hawks,1,24,4.166666666666666
546,Tony Brothers,Trail Blazers,1,24,4.166666666666666
547,Tony Brothers,Suns,1,24,4.166666666666666
548,Pat Fraher,Pistons,1,33,3.0303030303030303
549,Jamahl Ralls,76ers,1,4,25.0
550,Mousa Dagher,Bulls,1,22,4.545454545454546
551,John Butler,Celtics,1,25,4.0
552,John Butler,Thunder,1,25,4.0
553,John Butler,Heat,1,25,4.0
554,Jenna Reneau,Pistons,1,4,25.0
555,Suyash Mehta,Hawks,1,14,7.142857142857142
556,Eric Lewis,Kings,1,20,5.0
557,Justin Van Duyne,Bucks,1,16,6.25
558,Justin Van Duyne,Bulls,1,16,6.25
559,Justin Van Duyne,Clippers,1,16,6.25
560,Justin Van Duyne,Heat,1,16,6.25
561,Justin Van Duyne,Kings,1,16,6.25
562,Eric Lewis,Cavaliers,1,20,5.0
563,Tyler Mirkovich,Wizards,1,4,25.0
564,Tyler Mirkovich,Rockets,1,4,25.0
565,Gediminas Petraitis,Nuggets,1,31,3.225806451612903
566,Jason Goldenberg,Suns,1,12,8.333333333333332
567,Jason Goldenberg,Warriors,1,12,8.333333333333332
568,Jason Goldenberg,Thunder,1,12,8.333333333333332
569,Jason Goldenberg,Nets,1,12,8.333333333333332
570,John Butler,Magic,1,25,4.0
571,John Butler,Nets,1,25,4.0
572,John Butler,Hornets,1,25,4.0
573,Jamahl Ralls,Hornets,1,4,25.0
574,Curtis Blair,Clippers,1,17,5.88235294117647
575,Suyash Mehta,Clippers,1,14,7.142857142857142
576,James Capers,Pelicans,1,19,5.263157894736842
577,Robert Hussey,Spurs,1,10,10.0
578,Robert Hussey,Timberwolves,1,10,10.0
579,Robert Hussey,Wizards,1,10,10.0
580,Robert Hussey,Pistons,1,10,10.0
581,Robert Hussey,Bulls,1,10,10.0
582,Robert Hussey,Kings,1,10,10.0
583,James Capers,Rockets,1,19,5.263157894736842
584,James Capers,Raptors,1,19,5.263157894736842
585,James Capers,Pistons,1,19,5.263157894736842
586,James Capers,Cavaliers,1,19,5.263157894736842
587,Scott Wall,Mavericks,1,19,5.263157894736842
588,CJ Washington,Thunder,1,18,5.555555555555555
589,CJ Washington,Hornets,1,18,5.555555555555555
590,CJ Washington,Pelicans,1,18,5.555555555555555
591,CJ Washington,Heat,1,18,5.555555555555555
592,Courtney Kirkland,Nuggets,1,21,4.761904761904762
593,Lauren Holtkamp,Bulls,1,28,3.571428571428571
594,Lauren Holtkamp,Thunder,1,28,3.571428571428571
595,Lauren Holtkamp,Spurs,1,28,3.571428571428571
596,Lauren Holtkamp,Pacers,1,28,3.571428571428571
597,Pat Fraher,Bucks,1,33,3.0303030303030303
598,Pat Fraher,Cavaliers,1,33,3.0303030303030303
599,Courtney Kirkland,Timberwolves,1,21,4.761904761904762
600,Courtney Kirkland,Trail Blazers,1,21,4.761904761904762
601,Pat Fraher,Spurs,1,33,3.0303030303030303
602,Tyler Ford,Warriors,1,25,4.0
603,Tyler Ford,Mavericks,1,25,4.0
604,Tyler Ford,Nets,1,25,4.0
605,Tyler Ford,Pelicans,1,25,4.0
606,Tyler Ford,Magic,1,25,4.0
607,Tyler Ford,Lakers,1,25,4.0
608,Tyler Ford,Kings,1,25,4.0
609,Tyler Ford,Hawks,1,25,4.0
610,Tyler Ford,Hornets,1,25,4.0
611,Tyler Ford,Jazz,1,25,4.0
612,Pat Fraher,Pelicans,1,33,3.0303030303030303
613,Pat Fraher,Grizzlies,1,33,3.0303030303030303
614,Pat Fraher,Hornets,1,33,3.0303030303030303
615,Pat Fraher,Knicks,1,33,3.0303030303030303
616,Courtney Kirkland,Hornets,1,21,4.761904761904762
617,Courtney Kirkland,Grizzlies,1,21,4.761904761904762
618,Courtney Kirkland,Bulls,1,21,4.761904761904762
619,Courtney Kirkland,Bucks,1,21,4.761904761904762
620,Jenna Reneau,Grizzlies,1,4,25.0
621,Justin Van Duyne,Knicks,1,16,6.25
622,Rodney Mott,Nets,1,20,5.0
623,Matt Boland,Celtics,1,25,4.0
624,Matt Boland,Cavaliers,1,25,4.0
625,Matt Boland,Grizzlies,1,25,4.0
626,Dedric Taylor,Bucks,1,34,2.941176470588235
627,Dedric Taylor,Rockets,1,34,2.941176470588235
628,Dedric Taylor,Raptors,1,34,2.941176470588235
629,Mitchell Ervin,Lakers,1,20,5.0
630,Mitchell Ervin,Pelicans,1,20,5.0
631,Matt Boland,Rockets,1,25,4.0
632,Mitchell Ervin,Cavaliers,1,20,5.0
633,Mitchell Ervin,Celtics,1,20,5.0
634,Phenizee Ransom,Cavaliers,1,17,5.88235294117647
635,Brent Barnaky,Cavaliers,1,22,4.545454545454546
636,Mitchell Ervin,Grizzlies,1,20,5.0
637,Brent Barnaky,Heat,1,22,4.545454545454546
638,Matt Boland,Lakers,1,25,4.0
639,Matt Boland,Suns,1,25,4.0
640,Brent Barnaky,Pacers,1,22,4.545454545454546
641,Dedric Taylor,Celtics,1,34,2.941176470588235
642,Dannica Mosher,Raptors,1,11,9.090909090909092
643,Dannica Mosher,Mavericks,1,11,9.090909090909092
644,Dannica Mosher,Magic,1,11,9.090909090909092
645,Phenizee Ransom,Wizards,1,17,5.88235294117647
646,Dannica Mosher,Knicks,1,11,9.090909090909092
647,Dedric Taylor,Kings,1,34,2.941176470588235
648,Rodney Mott,Nuggets,1,20,5.0
649,Natalie Sago,Bucks,1,19,5.263157894736842
650,Dedric Taylor,Bulls,1,34,2.941176470588235
651,Brent Barnaky,Clippers,1,22,4.545454545454546
652,Brent Barnaky,Bulls,1,22,4.545454545454546
653,Mitchell Ervin,Hornets,1,20,5.0
654,Rodney Mott,Mavericks,1,20,5.0
655,Natalie Sago,Wizards,1,19,5.263157894736842
656,Brent Barnaky,Nets,1,22,4.545454545454546
657,Mitchell Ervin,Hawks,1,20,5.0
658,Brent Barnaky,Raptors,1,22,4.545454545454546
659,Nate Green,Mavericks,1,17,5.88235294117647
660,Mitchell Ervin,Clippers,1,20,5.0
661,Mitchell Ervin,Timberwolves,1,20,5.0
662,Phenizee Ransom,Spurs,1,17,5.88235294117647
663,Phenizee Ransom,Warriors,1,17,5.88235294117647
664,Phenizee Ransom,Jazz,1,17,5.88235294117647
665,Phenizee Ransom,Nuggets,1,17,5.88235294117647
666,Scott Wall,Bulls,1,19,5.263157894736842
667,Natalie Sago,Hawks,1,19,5.263157894736842
668,Scott Wall,Knicks,1,19,5.263157894736842
669,Scott Wall,Lakers,1,19,5.263157894736842
670,Brandon Adair,Hawks,1,18,5.555555555555555
671,Brandon Adair,Trail Blazers,1,18,5.555555555555555
672,Brandon Adair,Suns,1,18,5.555555555555555
673,Intae Hwang,Trail Blazers,1,6,16.666666666666664
674,Natalie Sago,Pistons,1,19,5.263157894736842
675,Mitchell Ervin,Wizards,1,20,5.0
676,Brandon Adair,Pelicans,1,18,5.555555555555555
677,Michael Smith,76ers,1,7,14.285714285714285
678,Rodney Mott,Kings,1,20,5.0
679,Rodney Mott,Hawks,1,20,5.0
680,Rodney Mott,Bucks,1,20,5.0
681,Brandon Adair,Knicks,1,18,5.555555555555555
682,Brandon Adair,Mavericks,1,18,5.555555555555555
683,Brandon Adair,Pacers,1,18,5.555555555555555
684,Nate Green,Magic,1,17,5.88235294117647
685,Phenizee Ransom,Heat,1,17,5.88235294117647
686,Michael Smith,Kings,1,7,14.285714285714285
687,Michael Smith,Nets,1,7,14.285714285714285
688,Brandon Adair,Timberwolves,0,18,0.0
689,Bill Kennedy,Wizards,0,10,0.0
690,Cheryl Flores,Nuggets,0,3,0.0
691,Cheryl Flores,Mavericks,0,3,0.0
692,Cheryl Flores,Jazz,0,3,0.0
693,Cheryl Flores,Hornets,0,3,0.0
694,Cheryl Flores,76ers,0,3,0.0
695,Brandon Adair,Warriors,0,18,0.0
696,Cheryl Flores,Raptors,0,3,0.0
697,Mousa Dagher,Heat,0,22,0.0
698,Cheryl Flores,Thunder,0,3,0.0
699,Brandon Adair,Wizards,0,18,0.0
700,Cheryl Flores,Trail Blazers,0,3,0.0
701,Bill Kennedy,Warriors,0,10,0.0
702,Brandon Adair,76ers,0,18,0.0
703,Mousa Dagher,Cavaliers,0,22,0.0
704,Curtis Blair,Jazz,0,17,0.0
705,Mousa Dagher,Wizards,0,22,0.0
706,Derrick Collins,Thunder,0,1,0.0
707,Derrick Collins,Pelicans,0,1,0.0
708,Derrick Collins,Pacers,0,1,0.0
709,Brandon Adair,Kings,0,18,0.0
710,Andy Nagy,Cavaliers,0,12,0.0
711,Derrick Collins,Jazz,0,1,0.0
712,Derrick Collins,Heat,0,1,0.0
713,Mousa Dagher,Suns,0,22,0.0
714,Curtis Blair,Magic,0,17,0.0
715,Mousa Dagher,Trail Blazers,0,22,0.0
716,Sha'Rae Mitchell,Hornets,0,1,0.0
717,Sha'Rae Mitchell,Jazz,0,1,0.0
718,Sha'Rae Mitchell,Pelicans,0,1,0.0
719,Sha'Rae Mitchell,Pistons,0,1,0.0
720,Sha'Rae Mitchell,Warriors,0,1,0.0
721,Brandon Adair,Hornets,0,18,0.0
722,Brandon Adair,Clippers,0,18,0.0
723,Brandon Adair,Heat,0,18,0.0
724,Curtis Blair,Pelicans,0,17,0.0
725,Mousa Dagher,Lakers,0,22,0.0
726,Derrick Collins,Trail Blazers,0,1,0.0
727,Mousa Dagher,Hawks,0,22,0.0
728,Bill Kennedy,Pelicans,0,10,0.0
729,Mousa Dagher,Grizzlies,0,22,0.0
730,Mousa Dagher,Thunder,0,22,0.0
731,Brandon Adair,Raptors,0,18,0.0
732,Curtis Blair,Raptors,0,17,0.0
733,Curtis Blair,Hawks,0,17,0.0
734,Curtis Blair,Rockets,0,17,0.0
735,Curtis Blair,Warriors,0,17,0.0
736,Bill Kennedy,Thunder,0,10,0.0
737,Bill Kennedy,Raptors,0,10,0.0
738,Bill Kennedy,Lakers,0,10,0.0
739,Bill Kennedy,76ers,0,10,0.0
740,Bill Kennedy,Kings,0,10,0.0
741,Bill Kennedy,Jazz,0,10,0.0
742,Curtis Blair,Cavaliers,0,17,0.0
743,Tom Washington,Thunder,0,1,0.0
744,Tom Washington,Hawks,0,1,0.0
745,Curtis Blair,Bulls,0,17,0.0
746,Bill Kennedy,Heat,0,10,0.0
747,Bill Kennedy,Hawks,0,10,0.0
748,Bill Kennedy,Bulls,0,10,0.0
749,Robert Hussey,76ers,0,10,0.0
750,Jamahl Ralls,Hawks,0,4,0.0
751,Andy Nagy,Clippers,0,12,0.0
752,Karl Lane,Nets,0,22,0.0
753,Scott Foster,Knicks,0,13,0.0
754,Scott Foster,Mavericks,0,13,0.0
755,Tyler Ricks,Cavaliers,0,2,0.0
756,Scott Foster,Pacers,0,13,0.0
757,Scott Foster,Raptors,0,13,0.0
758,Scott Foster,Timberwolves,0,13,0.0
759,Scott Foster,Wizards,0,13,0.0
760,Michael Smith,Trail Blazers,0,7,0.0
761,Michael Smith,Thunder,0,7,0.0
762,Michael Smith,Heat,0,7,0.0
763,Michael Smith,Jazz,0,7,0.0
764,Tyler Ricks,Jazz,0,2,0.0
765,Tyler Ricks,Pistons,0,2,0.0
766,Marat Kogut,76ers,0,3,0.0
767,Marat Kogut,Celtics,0,3,0.0
768,Marat Kogut,Bucks,0,3,0.0
769,Tyler Mirkovich,Suns,0,4,0.0
770,Michael Smith,Magic,0,7,0.0
771,Michael Smith,Raptors,0,7,0.0
772,Michael Smith,Spurs,0,7,0.0
773,Jenna Reneau,Mavericks,0,4,0.0
774,Marat Kogut,Hawks,0,3,0.0
775,Marat Kogut,Pacers,0,3,0.0
776,Mitchell Ervin,Knicks,0,20,0.0
777,Mitchell Ervin,Mavericks,0,20,0.0
778,Brent Haskill,Raptors,0,1,0.0
779,Evan Scott,Wizards,0,6,0.0
780,Dannica Mosher,Bucks,0,11,0.0
781,Dannica Mosher,Hornets,0,11,0.0
782,Dannica Mosher,Jazz,0,11,0.0
783,Dannica Mosher,Wizards,0,11,0.0
784,Mark Lindsay,Suns,0,7,0.0
785,Mark Lindsay,Rockets,0,7,0.0
786,Mark Lindsay,Pacers,0,7,0.0
787,Mark Lindsay,Heat,0,7,0.0
788,Mark Lindsay,Cavaliers,0,7,0.0
789,Danielle Scott,Heat,0,6,0.0
790,Evan Scott,Spurs,0,6,0.0
791,Danielle Scott,Wizards,0,6,0.0
792,Evan Scott,Knicks,0,6,0.0
793,Evan Scott,Kings,0,6,0.0
794,Evan Scott,Jazz,0,6,0.0
795,Mitchell Ervin,Warriors,0,20,0.0
796,Mitchell Ervin,Thunder,0,20,0.0
797,Mitchell Ervin,Pistons,0,20,0.0
798,Mitchell Ervin,Rockets,0,20,0.0
799,Evan Scott,Hornets,0,6,0.0
800,Scott Foster,Bucks,0,13,0.0
801,Scott Foster,Warriors,0,13,0.0
802,Karl Lane,Nuggets,0,22,0.0
803,Karl Lane,Heat,0,22,0.0
804,Andy Nagy,Grizzlies,0,12,0.0
805,Karl Lane,Clippers,0,22,0.0
806,Ashley Moyer-Gleich,Nuggets,0,8,0.0
807,Ashley Moyer-Gleich,Magic,0,8,0.0
808,Ashley Moyer-Gleich,Knicks,0,8,0.0
809,Ashley Moyer-Gleich,Jazz,0,8,0.0
810,Kevin Cutler,Jazz,0,4,0.0
811,Kevin Cutler,Lakers,0,4,0.0
812,Ashley Moyer-Gleich,Hawks,0,8,0.0
813,Ashley Moyer-Gleich,Pistons,0,8,0.0
814,Ashley Moyer-Gleich,Raptors,0,8,0.0
815,Ashley Moyer-Gleich,Suns,0,8,0.0
816,Ashley Moyer-Gleich,Wizards,0,8,0.0
817,Ashley Moyer-Gleich,Thunder,0,8,0.0
818,Ashley Moyer-Gleich,Rockets,0,8,0.0
819,Kevin Cutler,Nets,0,4,0.0
820,Kevin Cutler,Pelicans,0,4,0.0
821,Robert Hussey,Suns,0,10,0.0
822,Robert Hussey,Rockets,0,10,0.0
823,Robert Hussey,Raptors,0,10,0.0
824,Robert Hussey,Magic,0,10,0.0
825,Robert Hussey,Cavaliers,0,10,0.0
826,Andy Nagy,Suns,0,12,0.0
827,Andy Nagy,Pelicans,0,12,0.0
828,Andy Nagy,Pacers,0,12,0.0
829,Kevin Cutler,Celtics,0,4,0.0
830,Kevin Cutler,Timberwolves,0,4,0.0
831,Jamahl Ralls,Bulls,0,4,0.0
832,Jason Goldenberg,Magic,0,12,0.0
833,Marat Kogut,Pistons,0,3,0.0
834,Marat Kogut,Rockets,0,3,0.0
835,Karl Lane,Celtics,0,22,0.0
836,CJ Washington,Jazz,0,18,0.0
837,CJ Washington,Timberwolves,0,18,0.0
838,Marat Kogut,Warriors,0,3,0.0
839,Jason Goldenberg,Heat,0,12,0.0
840,Jason Goldenberg,Hawks,0,12,0.0
841,Jason Goldenberg,Jazz,0,12,0.0
842,Jason Goldenberg,Kings,0,12,0.0
843,Jason Goldenberg,Raptors,0,12,0.0
844,Kevin Cutler,Trail Blazers,0,4,0.0
845,Jason Goldenberg,Rockets,0,12,0.0
846,Nick Buchert,Grizzlies,0,22,0.0
847,Nick Buchert,Jazz,0,22,0.0
848,Nick Buchert,Knicks,0,22,0.0
849,Nick Buchert,Magic,0,22,0.0
850,Nick Buchert,Raptors,0,22,0.0
851,Nick Buchert,Rockets,0,22,0.0
852,Nick Buchert,Spurs,0,22,0.0
853,Kevin Cutler,Warriors,0,4,0.0
854,Kevin Cutler,Wizards,0,4,0.0
855,Evan Scott,Pistons,0,6,0.0
856,John Goble,Heat,0,17,0.0
857,Marc Davis,Trail Blazers,0,17,0.0
858,Rodney Mott,Thunder,0,20,0.0
859,Natalie Sago,Spurs,0,19,0.0
860,Natalie Sago,Pelicans,0,19,0.0
861,Natalie Sago,Warriors,0,19,0.0
862,Intae Hwang,Lakers,0,6,0.0
863,Intae Hwang,Timberwolves,0,6,0.0
864,Rodney Mott,Wizards,0,20,0.0
865,Rodney Mott,Warriors,0,20,0.0
866,Rodney Mott,Trail Blazers,0,20,0.0
867,Rodney Mott,Pistons,0,20,0.0
868,Suyash Mehta,Raptors,0,14,0.0
869,Rodney Mott,Lakers,0,20,0.0
870,Rodney Mott,Bulls,0,20,0.0
871,Nate Green,Bucks,0,17,0.0
872,Nate Green,Trail Blazers,0,17,0.0
873,Nate Green,Rockets,0,17,0.0
874,Nate Green,Pacers,0,17,0.0
875,Gediminas Petraitis,Clippers,0,31,0.0
876,Gediminas Petraitis,Mavericks,0,31,0.0
877,Suyash Mehta,Spurs,0,14,0.0
878,Suyash Mehta,Pacers,0,14,0.0
879,Justin Van Duyne,Lakers,0,16,0.0
880,Pat Fraher,Wizards,0,33,0.0
881,Pat Fraher,Magic,0,33,0.0
882,Pat Fraher,Lakers,0,33,0.0
883,Pat Fraher,Heat,0,33,0.0
884,Pat Fraher,Hawks,0,33,0.0
885,Pat Fraher,Clippers,0,33,0.0
886,Pat Fraher,Celtics,0,33,0.0
887,Pat Fraher,Timberwolves,0,33,0.0
888,Pat Fraher,Warriors,0,33,0.0
889,Courtney Kirkland,Kings,0,21,0.0
890,Suyash Mehta,Jazz,0,14,0.0
891,Courtney Kirkland,Knicks,0,21,0.0
892,Courtney Kirkland,Nets,0,21,0.0
893,Courtney Kirkland,Pelicans,0,21,0.0
894,Courtney Kirkland,Pistons,0,21,0.0
895,Courtney Kirkland,Rockets,0,21,0.0
896,Courtney Kirkland,Warriors,0,21,0.0
897,Courtney Kirkland,Wizards,0,21,0.0
898,Suyash Mehta,Cavaliers,0,14,0.0
899,Gediminas Petraitis,Pacers,0,31,0.0
900,Gediminas Petraitis,Raptors,0,31,0.0
901,Gediminas Petraitis,Spurs,0,31,0.0
902,Tony Brothers,Nuggets,0,24,0.0
903,Tyler Ford,Pistons,0,25,0.0
904,Tyler Ford,Cavaliers,0,25,0.0
905,Tyler Ford,Grizzlies,0,25,0.0
906,Tony Brothers,Thunder,0,24,0.0
907,Tony Brothers,Cavaliers,0,24,0.0
908,Tony Brothers,Grizzlies,0,24,0.0
909,Tony Brothers,Heat,0,24,0.0
910,Tony Brothers,Lakers,0,24,0.0
911,Tony Brothers,Pacers,0,24,0.0
912,Gediminas Petraitis,Trail Blazers,0,31,0.0
913,Tony Brothers,Pelicans,0,24,0.0
914,John Butler,Bucks,0,25,0.0
915,John Butler,Kings,0,25,0.0
916,John Butler,Raptors,0,25,0.0
917,John Butler,Rockets,0,25,0.0
918,John Butler,Trail Blazers,0,25,0.0
919,Justin Van Duyne,Hawks,0,16,0.0
920,Justin Van Duyne,Hornets,0,16,0.0
921,Tyler Ford,Raptors,0,25,0.0
922,Tyler Ford,Trail Blazers,0,25,0.0
923,James Capers,Trail Blazers,0,19,0.0
924,James Capers,Thunder,0,19,0.0
925,Gediminas Petraitis,Warriors,0,31,0.0
926,Lauren Holtkamp,76ers,0,28,0.0
927,Lauren Holtkamp,Celtics,0,28,0.0
928,Lauren Holtkamp,Clippers,0,28,0.0
929,Lauren Holtkamp,Grizzlies,0,28,0.0
930,Lauren Holtkamp,Hawks,0,28,0.0
931,Lauren Holtkamp,Heat,0,28,0.0
932,Lauren Holtkamp,Nets,0,28,0.0
933,Lauren Holtkamp,Pelicans,0,28,0.0
934,Lauren Holtkamp,Suns,0,28,0.0
935,Lauren Holtkamp,Trail Blazers,0,28,0.0
936,Lauren Holtkamp,Warriors,0,28,0.0
937,James Capers,Grizzlies,0,19,0.0
938,James Capers,Hawks,0,19,0.0
939,James Capers,Magic,0,19,0.0
940,James Capers,Nets,0,19,0.0
941,James Capers,Pacers,0,19,0.0
942,Eric Lewis,Thunder,0,20,0.0
943,Eric Lewis,Spurs,0,20,0.0
944,Eric Lewis,Rockets,0,20,0.0
945,Sean Wright,Raptors,0,19,0.0
946,Josh Tiven,Nuggets,0,30,0.0
947,Josh Tiven,Pelicans,0,30,0.0
948,Josh Tiven,Jazz,0,30,0.0
949,Sean Wright,Warriors,0,19,0.0
950,Sean Wright,76ers,0,19,0.0
951,Sean Wright,Cavaliers,0,19,0.0
952,Sean Wright,Heat,0,19,0.0
953,Sean Wright,Jazz,0,19,0.0
954,Sean Wright,Rockets,0,19,0.0
955,Sean Corbin,Wizards,0,25,0.0
956,Sean Corbin,Pelicans,0,25,0.0
957,Sean Corbin,Rockets,0,25,0.0
958,Sean Corbin,Nets,0,25,0.0
959,Sean Corbin,Thunder,0,25,0.0
960,Sean Corbin,Hornets,0,25,0.0
961,Sean Corbin,Heat,0,25,0.0
962,Sean Corbin,Warriors,0,25,0.0
963,Sean Corbin,Hawks,0,25,0.0
964,Josh Tiven,Knicks,0,30,0.0
965,Josh Tiven,Hornets,0,30,0.0
966,Josh Tiven,Suns,0,30,0.0
967,Josh Tiven,Trail Blazers,0,30,0.0
968,David Guthrie,Celtics,0,32,0.0
969,David Guthrie,76ers,0,32,0.0
970,David Guthrie,Hawks,0,32,0.0
971,David Guthrie,Heat,0,32,0.0
972,David Guthrie,Pacers,0,32,0.0
973,David Guthrie,Spurs,0,32,0.0
974,David Guthrie,Suns,0,32,0.0
975,David Guthrie,Timberwolves,0,32,0.0
976,David Guthrie,Trail Blazers,0,32,0.0
977,Tre Maddox,Heat,0,15,0.0
978,Tre Maddox,Hornets,0,15,0.0
979,Tre Maddox,Jazz,0,15,0.0
980,Tre Maddox,Knicks,0,15,0.0
981,Tre Maddox,Pacers,0,15,0.0
982,Tre Maddox,Raptors,0,15,0.0
983,Tre Maddox,Warriors,0,15,0.0
984,Josh Tiven,Wizards,0,30,0.0
985,Sean Corbin,Celtics,0,25,0.0
986,Ben Taylor,Heat,0,28,0.0
987,Eric Lewis,Pelicans,0,20,0.0
988,Brent Barnaky,Pistons,0,22,0.0
989,Aaron Smith,Timberwolves,0,19,0.0
990,Aaron Smith,Trail Blazers,0,19,0.0
991,Phenizee Ransom,Trail Blazers,0,17,0.0
992,Phenizee Ransom,Suns,0,17,0.0
993,Phenizee Ransom,Lakers,0,17,0.0
994,Phenizee Ransom,Kings,0,17,0.0
995,Brent Barnaky,Wizards,0,22,0.0
996,Brent Barnaky,Rockets,0,22,0.0
997,Brent Barnaky,Jazz,0,22,0.0
998,Ben Taylor,Lakers,0,28,0.0
999,Brent Barnaky,Knicks,0,22,0.0
1000,Brent Barnaky,Magic,0,22,0.0
1001,Brent Barnaky,Nuggets,0,22,0.0
1002,Eric Lewis,Bulls,0,20,0.0
1003,Eric Lewis,Heat,0,20,0.0
1004,Eric Lewis,Jazz,0,20,0.0
1005,Eric Lewis,Knicks,0,20,0.0
1006,Eric Lewis,Nets,0,20,0.0
1007,Aaron Smith,Rockets,0,19,0.0
1008,Aaron Smith,Pacers,0,19,0.0
1009,Aaron Smith,Knicks,0,19,0.0
1010,Aaron Smith,Jazz,0,19,0.0
1011,Ben Taylor,Timberwolves,0,28,0.0
1012,Ben Taylor,Trail Blazers,0,28,0.0
1013,Ed Malloy,76ers,0,16,0.0
1014,Ed Malloy,Bulls,0,16,0.0
1015,Ed Malloy,Clippers,0,16,0.0
1016,Ed Malloy,Hawks,0,16,0.0
1017,Ed Malloy,Magic,0,16,0.0
1018,Ed Malloy,Pistons,0,16,0.0
1019,Ed Malloy,Raptors,0,16,0.0
1020,Ed Malloy,Timberwolves,0,16,0.0
1021,Ed Malloy,Warriors,0,16,0.0
1022,Jacyn Goble,Hornets,0,30,0.0
1023,Jacyn Goble,Raptors,0,30,0.0
1024,Jacyn Goble,Hawks,0,30,0.0
1025,Aaron Smith,76ers,0,19,0.0
1026,Aaron Smith,Cavaliers,0,19,0.0
1027,Aaron Smith,Celtics,0,19,0.0
1028,Justin Van Duyne,Jazz,0,16,0.0
1029,Justin Van Duyne,Nets,0,16,0.0
1030,Marc Davis,Thunder,0,17,0.0
1031,Eric Dalen,Grizzlies,0,6,0.0
1032,JB DeRosa,Thunder,0,20,0.0
1033,JB DeRosa,Clippers,0,20,0.0
1034,JB DeRosa,Mavericks,0,20,0.0
1035,JB DeRosa,Nets,0,20,0.0
1036,JB DeRosa,Pacers,0,20,0.0
1037,JB DeRosa,Raptors,0,20,0.0
1038,JB DeRosa,Spurs,0,20,0.0
1039,JB DeRosa,Suns,0,20,0.0
1040,Eric Dalen,Hornets,0,6,0.0
1041,JB DeRosa,Trail Blazers,0,20,0.0
1042,Eric Dalen,Rockets,0,6,0.0
1043,Eric Dalen,Wizards,0,6,0.0
1044,Eric Dalen,Hawks,0,6,0.0
1045,Eric Dalen,Cavaliers,0,6,0.0
1046,Eric Dalen,Bucks,0,6,0.0
1047,Derek Richardson,Jazz,0,10,0.0
1048,Derek Richardson,Mavericks,0,10,0.0
1049,Brian Forte,Wizards,0,21,0.0
1050,JB DeRosa,Timberwolves,0,20,0.0
1051,J.T. Orr,Timberwolves,0,12,0.0
1052,Justin Van Duyne,Raptors,0,16,0.0
1053,Brett Nansel,Pistons,0,16,0.0
1054,Jenna Schroeder,Knicks,0,6,0.0
1055,Jenna Schroeder,Magic,0,6,0.0
1056,Jenna Schroeder,Pistons,0,6,0.0
1057,Brett Nansel,Bulls,0,16,0.0
1058,Brett Nansel,Hornets,0,16,0.0
1059,Brett Nansel,Lakers,0,16,0.0
1060,Brett Nansel,Pacers,0,16,0.0
1061,Brett Nansel,Pelicans,0,16,0.0
1062,Brett Nansel,Rockets,0,16,0.0
1063,J.T. Orr,Raptors,0,12,0.0
1064,Brett Nansel,Suns,0,16,0.0
1065,Brett Nansel,Thunder,0,16,0.0
1066,Brett Nansel,Wizards,0,16,0.0
1067,J.T. Orr,Cavaliers,0,12,0.0
1068,J.T. Orr,Clippers,0,12,0.0
1069,J.T. Orr,Hawks,0,12,0.0
1070,J.T. Orr,Kings,0,12,0.0
1071,J.T. Orr,Pistons,0,12,0.0
1072,Brian Forte,Warriors,0,21,0.0
1073,Brian Forte,76ers,0,21,0.0
1074,Brian Forte,Hornets,0,21,0.0
1075,Leon Wood,Rockets,0,25,0.0
1076,John Conley,Spurs,0,9,0.0
1077,John Conley,Pelicans,0,9,0.0
1078,John Conley,76ers,0,9,0.0
1079,John Conley,Bucks,0,9,0.0
1080,John Conley,Celtics,0,9,0.0
1081,John Conley,Nets,0,9,0.0
1082,Leon Wood,Hornets,0,25,0.0
1083,Leon Wood,Pacers,0,25,0.0
1084,Leon Wood,Trail Blazers,0,25,0.0
1085,Brian Forte,Jazz,0,21,0.0
1086,Kevin Scott,Pistons,0,16,0.0
1087,Kevin Scott,Trail Blazers,0,16,0.0
1088,Kevin Scott,Warriors,0,16,0.0
1089,Marc Davis,Bulls,0,17,0.0
1090,Marc Davis,Magic,0,17,0.0
1091,Marc Davis,Pistons,0,17,0.0
1092,Marc Davis,Raptors,0,17,0.0
1093,Marc Davis,Rockets,0,17,0.0
1094,John Conley,Trail Blazers,0,9,0.0
1095,Zach Zarba,Heat,0,21,0.0
1096,Zach Zarba,Celtics,0,21,0.0
1097,Zach Zarba,Raptors,0,21,0.0
1098,Brian Forte,Kings,0,21,0.0
1099,Brian Forte,Nets,0,21,0.0
1100,Brian Forte,Pistons,0,21,0.0
1101,Brian Forte,Spurs,0,21,0.0
1102,Brian Forte,Suns,0,21,0.0
1103,Brian Forte,Timberwolves,0,21,0.0
1104,James Williams,Hawks,0,23,0.0
1105,James Williams,Hornets,0,23,0.0
1106,James Williams,Lakers,0,23,0.0
1107,James Williams,Spurs,0,23,0.0
1108,James Williams,Suns,0,23,0.0
1109,James Williams,Timberwolves,0,23,0.0
1110,James Williams,Trail Blazers,0,23,0.0
1111,James Williams,Wizards,0,23,0.0
1112,Zach Zarba,Bulls,0,21,0.0
1113,Zach Zarba,Bucks,0,21,0.0
1114,Zach Zarba,Rockets,0,21,0.0
1115,Jenna Schroeder,Clippers,0,6,0.0
1116,Jenna Schroeder,Celtics,0,6,0.0
1117,Jenna Schroeder,Bulls,0,6,0.0
1118,Scott Wall,Warriors,0,19,0.0
1119,Dedric Taylor,Lakers,0,34,0.0
1120,Dedric Taylor,Magic,0,34,0.0
1121,Dedric Taylor,Pistons,0,34,0.0
1122,Dedric Taylor,Spurs,0,34,0.0
1123,Dedric Taylor,Thunder,0,34,0.0
1124,Dedric Taylor,Timberwolves,0,34,0.0
1125,Dedric Taylor,Trail Blazers,0,34,0.0
1126,Dedric Taylor,Warriors,0,34,0.0
1127,Scott Wall,Thunder,0,19,0.0
1128,Matt Myers,Raptors,0,20,0.0
1129,Scott Wall,Rockets,0,19,0.0
1130,Scott Wall,Magic,0,19,0.0
1131,Scott Wall,Clippers,0,19,0.0
1132,Matt Myers,Heat,0,20,0.0
1133,Matt Myers,Hornets,0,20,0.0
1134,Matt Myers,Jazz,0,20,0.0
1135,Matt Myers,Knicks,0,20,0.0
1136,Matt Myers,Lakers,0,20,0.0
1137,Dedric Taylor,76ers,0,34,0.0
1138,Matt Boland,Warriors,0,25,0.0
1139,Matt Boland,Thunder,0,25,0.0
1140,Matt Boland,Nuggets,0,25,0.0
1141,Justin Van Duyne,Suns,0,16,0.0
1142,Justin Van Duyne,Timberwolves,0,16,0.0
1143,Justin Van Duyne,Warriors,0,16,0.0
1144,Justin Van Duyne,76ers,0,16,0.0
1145,Brandon Schwab,Clippers,0,11,0.0
1146,Brandon Schwab,Hawks,0,11,0.0
1147,Brandon Schwab,Heat,0,11,0.0
1148,Brandon Schwab,Hornets,0,11,0.0
1149,Brandon Schwab,Kings,0,11,0.0
1150,Brandon Schwab,Knicks,0,11,0.0
1151,Brandon Schwab,Nets,0,11,0.0
1152,Brandon Schwab,Pacers,0,11,0.0
1153,Brandon Schwab,Spurs,0,11,0.0
1154,Brandon Schwab,Thunder,0,11,0.0
1155,Brandon Schwab,Wizards,0,11,0.0
1156,Matt Boland,Wizards,0,25,0.0
1157,Matt Boland,Bulls,0,25,0.0
1158,Matt Myers,Pacers,0,20,0.0
1159,Matt Myers,Rockets,0,20,0.0
1160,Jonathan Sterling,Warriors,0,17,0.0
1161,Ray Acosta,Jazz,0,14,0.0
1162,John Goble,Warriors,0,17,0.0
1163,John Goble,76ers,0,17,0.0
1164,Pat O'Connell,Timberwolves,0,8,0.0
1165,Pat O'Connell,Spurs,0,8,0.0
1166,Ray Acosta,Cavaliers,0,14,0.0
1167,Ray Acosta,Warriors,0,14,0.0
1168,Ray Acosta,Pelicans,0,14,0.0
1169,Ray Acosta,Nuggets,0,14,0.0
1170,Ray Acosta,Heat,0,14,0.0
1171,Matt Myers,Spurs,0,20,0.0
1172,Ray Acosta,Bulls,0,14,0.0
1173,Ray Acosta,Bucks,0,14,0.0
1174,Jonathan Sterling,Grizzlies,0,17,0.0
1175,Jonathan Sterling,Heat,0,17,0.0
1176,Jonathan Sterling,Knicks,0,17,0.0
1177,Jonathan Sterling,Pistons,0,17,0.0
1178,Jonathan Sterling,Spurs,0,17,0.0
1179,Jonathan Sterling,Trail Blazers,0,17,0.0
1180,John Goble,Spurs,0,17,0.0
1181,John Goble,Rockets,0,17,0.0
1182,John Goble,Lakers,0,17,0.0
1183,John Goble,Hornets,0,17,0.0
1184,Matt Myers,Warriors,0,20,0.0
1185,Scott Twardoski,Bulls,0,29,0.0
1186,Scott Twardoski,Celtics,0,29,0.0
1187,Scott Twardoski,Trail Blazers,0,29,0.0
1188,Scott Twardoski,Suns,0,29,0.0
1189,Scott Twardoski,Pelicans,0,29,0.0
1190,Scott Twardoski,Lakers,0,29,0.0
1191,Scott Twardoski,Heat,0,29,0.0
1192,Matt Kallio,Clippers,0,15,0.0
1193,Matt Kallio,Pacers,0,15,0.0
1194,Matt Kallio,Trail Blazers,0,15,0.0
1195,Matt Kallio,Warriors,0,15,0.0
1196,Matt Kallio,Wizards,0,15,0.0
1197,Matt Kallio,Magic,0,15,0.0
1198,Matt Kallio,Cavaliers,0,15,0.0
1199,John Goble,Bucks,0,17,0.0
1200,John Goble,Clippers,0,17,0.0
1201,Tom Washington,Timberwolves,0,1,0.0
