,name,teamName,errorsInFavor,totalErrors,errorsAgainst,errorDelta
0,Jacyn Goble,76ers,9,30,4,5
1,Phenizee Ransom,76ers,7,17,2,5
2,Lauren Holtkamp,Kings,7,28,2,5
3,Karl Lane,Cavaliers,7,22,1,6
4,Gediminas Petraitis,Hornets,6,31,1,5
5,Brent Barnaky,Celtics,6,22,4,2
6,Rodney Mott,Celtics,6,20,3,3
7,Matt Boland,Lakers,5,25,1,4
8,Tre Maddox,Lakers,5,15,2,3
9,Josh Tiven,Lakers,5,30,2,3
10,Ben Taylor,Pacers,5,28,5,0
11,Scott Twardoski,Mavericks,5,29,2,3
12,Scott Wall,Knicks,5,19,1,4
13,Matt Myers,Thunder,5,20,1,4
14,Courtney Kirkland,76ers,5,21,2,3
15,Suyash Mehta,Lakers,5,14,2,3
16,Tony Brothers,Raptors,5,24,2,3
17,Aaron Smith,Celtics,5,19,0,5
18,Brent Barnaky,Heat,5,22,1,4
19,David Guthrie,Celtics,5,32,0,5
20,David Guthrie,Magic,5,32,4,1
21,Scott Twardoski,Knicks,4,29,3,1
22,Matt Boland,Celtics,4,25,1,3
23,Curtis Blair,Knicks,4,17,2,2
24,Curtis Blair,Hornets,4,17,1,3
25,Matt Boland,Timberwolves,4,25,4,0
26,Mousa Dagher,Spurs,4,22,2,2
27,Brandon Schwab,Kings,4,11,0,4
28,Jonathan Sterling,Nuggets,4,17,3,1
29,Eric Lewis,Kings,4,20,1,3
30,Mousa Dagher,Pacers,4,22,3,1
31,Gediminas Petraitis,Raptors,4,31,0,4
32,John Conley,Heat,4,9,2,2
33,Courtney Kirkland,Nets,4,21,0,4
34,Gediminas Petraitis,Thunder,4,31,2,2
35,Matt Boland,Mavericks,4,25,3,1
36,Tyler Ford,Nuggets,4,25,3,1
37,John Butler,Celtics,4,25,1,3
38,Matt Myers,Raptors,4,20,0,4
39,John Butler,Mavericks,4,25,2,2
40,James Capers,Mavericks,4,19,2,2
41,James Capers,Suns,4,19,3,1
42,Brian Forte,Pistons,4,21,0,4
43,Zach Zarba,Grizzlies,4,21,3,1
44,Josh Tiven,Knicks,4,30,0,4
45,Josh Tiven,Cavaliers,4,30,2,2
46,Josh Tiven,76ers,4,30,6,-2
47,James Capers,Grizzlies,3,19,0,3
48,Robert Hussey,Hawks,3,10,2,1
49,Mousa Dagher,Grizzlies,3,22,0,3
50,Andy Nagy,Grizzlies,3,12,0,3
51,Matt Kallio,Cavaliers,3,15,0,3
52,Ed Malloy,Lakers,3,16,1,2
53,Derek Richardson,Lakers,3,10,1,2
54,Derek Richardson,Pacers,3,10,2,1
55,Eric Dalen,Cavaliers,3,6,0,3
56,Kevin Scott,Trail Blazers,3,16,0,3
57,Natalie Sago,76ers,3,19,2,1
58,Natalie Sago,Wizards,3,19,1,2
59,Matt Kallio,Trail Blazers,3,15,0,3
60,Brent Barnaky,Bulls,3,22,1,2
61,Eric Dalen,Grizzlies,3,6,0,3
62,Tre Maddox,Mavericks,3,15,6,-3
63,Mousa Dagher,Pistons,3,22,3,0
64,Ben Taylor,Hornets,3,28,1,2
65,Ray Acosta,Cavaliers,3,14,0,3
66,JB DeRosa,Cavaliers,3,20,1,2
67,CJ Washington,Knicks,3,18,2,1
68,JB DeRosa,Spurs,3,20,0,3
69,JB DeRosa,Thunder,3,20,0,3
70,Leon Wood,Warriors,3,25,3,0
71,Leon Wood,Hawks,3,25,3,0
72,Ray Acosta,Nuggets,3,14,0,3
73,Curtis Blair,Heat,3,17,2,1
74,Kevin Scott,Mavericks,3,16,1,2
75,Tony Brothers,Thunder,3,24,0,3
76,Tony Brothers,Hornets,3,24,1,2
77,Tony Brothers,76ers,3,24,1,2
78,Ray Acosta,Bulls,3,14,0,3
79,John Goble,Spurs,3,17,0,3
80,John Goble,Pacers,3,17,3,0
81,John Goble,76ers,3,17,0,3
82,Ben Taylor,Celtics,3,28,1,2
83,Matt Kallio,Warriors,3,15,0,3
84,Justin Van Duyne,Thunder,3,16,2,1
85,Ashley Moyer-Gleich,Raptors,3,8,0,3
86,Ben Taylor,Hawks,3,28,2,1
87,Ed Malloy,Heat,3,16,3,0
88,Lauren Holtkamp,Nuggets,3,28,4,-1
89,Leon Wood,Kings,3,25,2,1
90,Leon Wood,Heat,3,25,2,1
91,Pat Fraher,Kings,3,33,5,-2
92,Pat Fraher,Mavericks,3,33,2,1
93,Karl Lane,Jazz,3,22,1,2
94,Brett Nansel,76ers,3,16,1,2
95,Nate Green,Bucks,3,17,0,3
96,Mitchell Ervin,Pacers,3,20,2,1
97,Mitchell Ervin,Thunder,3,20,0,3
98,Scott Twardoski,Hornets,3,29,3,0
99,Scott Wall,Thunder,3,19,0,3
100,Brandon Schwab,76ers,3,11,2,1
101,Eric Lewis,Nuggets,3,20,4,-1
102,Scott Wall,Warriors,3,19,0,3
103,Nate Green,Nuggets,3,17,2,1
104,Jacyn Goble,Lakers,3,30,1,2
105,John Butler,Hawks,3,25,3,0
106,Tyler Ford,Trail Blazers,3,25,0,3
107,John Butler,Thunder,3,25,1,2
108,John Butler,Warriors,3,25,3,0
109,Brian Forte,Bulls,3,21,1,2
110,Pat O'Connell,76ers,3,8,1,2
111,Zach Zarba,Warriors,3,21,3,0
112,Zach Zarba,Hawks,3,21,3,0
113,Zach Zarba,Knicks,3,21,3,0
114,Zach Zarba,Pacers,3,21,1,2
115,Pat Fraher,Raptors,3,33,3,0
116,Karl Lane,Pelicans,3,22,2,1
117,Jacyn Goble,Celtics,3,30,4,-1
118,Marc Davis,Hornets,3,17,1,2
119,Marc Davis,Bulls,3,17,0,3
120,James Williams,Bucks,3,23,1,2
121,Nick Buchert,Nuggets,3,22,1,2
122,J.T. Orr,Raptors,3,12,0,3
123,Rodney Mott,Warriors,3,20,0,3
124,Sean Wright,Lakers,3,19,1,2
125,Dedric Taylor,Warriors,3,34,0,3
126,Dedric Taylor,Nuggets,3,34,2,1
127,Dedric Taylor,Knicks,3,34,3,0
128,Dedric Taylor,Hornets,3,34,4,-1
129,Nick Buchert,Grizzlies,3,22,0,3
130,James Williams,Nuggets,3,23,2,1
131,Dedric Taylor,Heat,3,34,3,0
132,James Williams,Thunder,3,23,1,2
133,Sean Corbin,Hawks,3,25,0,3
134,Sean Wright,Thunder,3,19,1,2
135,Jacyn Goble,Cavaliers,3,30,4,-1
136,David Guthrie,Pacers,3,32,0,3
137,David Guthrie,Kings,3,32,2,1
138,Dedric Taylor,Spurs,2,34,0,2
139,JB DeRosa,Hawks,2,20,1,1
140,Sean Wright,Clippers,2,19,1,1
141,Scott Twardoski,Warriors,2,29,2,0
142,Ben Taylor,Spurs,2,28,2,0
143,Zach Zarba,Rockets,2,21,0,2
144,JB DeRosa,Pacers,2,20,0,2
145,Matt Kallio,Clippers,2,15,0,2
146,Ben Taylor,Nets,2,28,3,-1
147,Scott Twardoski,Cavaliers,2,29,1,1
148,Dedric Taylor,Suns,2,34,2,0
149,Jacyn Goble,Hornets,2,30,0,2
150,Sean Wright,Heat,2,19,0,2
151,Scott Twardoski,Grizzlies,2,29,1,1
152,Scott Twardoski,Lakers,2,29,0,2
153,Scott Twardoski,Rockets,2,29,1,1
154,Scott Twardoski,Suns,2,29,0,2
155,Sean Wright,Hawks,2,19,2,0
156,Lauren Holtkamp,Pelicans,2,28,0,2
157,Sean Wright,Nuggets,2,19,6,-4
158,Brett Nansel,Bulls,2,16,0,2
159,Nick Buchert,Pelicans,2,22,1,1
160,Brandon Adair,Pelicans,2,18,1,1
161,Brandon Adair,Cavaliers,2,18,2,0
162,Brandon Adair,Celtics,2,18,2,0
163,Brandon Adair,76ers,2,18,0,2
164,Aaron Smith,76ers,2,19,0,2
165,Aaron Smith,Trail Blazers,2,19,0,2
166,Aaron Smith,Magic,2,19,3,-1
167,Aaron Smith,Mavericks,2,19,1,1
168,Brett Nansel,Pacers,2,16,0,2
169,Brett Nansel,Clippers,2,16,1,1
170,Brett Nansel,Thunder,2,16,0,2
171,Nick Buchert,Heat,2,22,1,1
172,Jacyn Goble,Knicks,2,30,1,1
173,Nick Buchert,Rockets,2,22,0,2
174,Mitchell Ervin,Spurs,2,20,2,0
175,Mitchell Ervin,Grizzlies,2,20,1,1
176,Eric Lewis,Cavaliers,2,20,1,1
177,Eric Lewis,Thunder,2,20,0,2
178,Eric Lewis,Pelicans,2,20,0,2
179,Eric Lewis,Lakers,2,20,5,-3
180,Mitchell Ervin,Hornets,2,20,1,1
181,Mitchell Ervin,Clippers,2,20,1,1
182,Brian Forte,Celtics,2,21,1,1
183,Michael Smith,Raptors,2,7,0,2
184,Michael Smith,Spurs,2,7,0,2
185,Marc Davis,Pistons,2,17,0,2
186,Matt Myers,Lakers,2,20,0,2
187,Leon Wood,Magic,2,25,3,-1
188,Leon Wood,Rockets,2,25,0,2
189,Josh Tiven,Timberwolves,2,30,3,-1
190,Josh Tiven,Mavericks,2,30,5,-3
191,Josh Tiven,Clippers,2,30,1,1
192,Josh Tiven,Jazz,2,30,0,2
193,Ed Malloy,Mavericks,2,16,1,1
194,Bill Kennedy,Bulls,2,10,0,2
195,Bill Kennedy,Knicks,2,10,1,1
196,Bill Kennedy,Mavericks,2,10,1,1
197,Bill Kennedy,Cavaliers,2,10,3,-1
198,Ed Malloy,Pacers,2,16,1,1
199,Ed Malloy,Raptors,2,16,0,2
200,Jacyn Goble,Pacers,2,30,5,-3
201,Tre Maddox,Heat,2,15,0,2
202,Tre Maddox,Suns,2,15,1,1
203,Ed Malloy,Thunder,2,16,5,-3
204,Dedric Taylor,Celtics,2,34,1,1
205,James Capers,Timberwolves,2,19,4,-2
206,James Capers,Heat,2,19,2,0
207,Derek Richardson,Nets,2,10,3,-1
208,Jacyn Goble,Raptors,2,30,0,2
209,Matt Boland,Warriors,2,25,0,2
210,Andy Nagy,Celtics,2,12,2,0
211,Andy Nagy,Lakers,2,12,1,1
212,Andy Nagy,Rockets,2,12,1,1
213,Jenna Schroeder,Cavaliers,2,6,1,1
214,Dedric Taylor,Mavericks,2,34,4,-2
215,Kevin Scott,Wizards,2,16,1,1
216,Dannica Mosher,Hornets,2,11,0,2
217,Sean Corbin,Nuggets,2,25,6,-4
218,Sean Corbin,Pelicans,2,25,0,2
219,Jonathan Sterling,Kings,2,17,3,-1
220,Jonathan Sterling,Pistons,2,17,0,2
221,Natalie Sago,Thunder,2,19,4,-2
222,Natalie Sago,Mavericks,2,19,2,0
223,Natalie Sago,Bucks,2,19,1,1
224,Natalie Sago,Warriors,2,19,0,2
225,Lauren Holtkamp,Magic,2,28,3,-1
226,Brent Barnaky,Cavaliers,2,22,1,1
227,Brent Barnaky,Clippers,2,22,1,1
228,Natalie Sago,Timberwolves,2,19,3,-1
229,Sean Corbin,Thunder,2,25,0,2
230,Sean Corbin,Magic,2,25,1,1
231,Sean Corbin,Lakers,2,25,1,1
232,John Goble,Clippers,2,17,0,2
233,Sean Corbin,Cavaliers,2,25,2,0
234,Sean Corbin,Kings,2,25,3,-1
235,Jonathan Sterling,Spurs,2,17,0,2
236,Jonathan Sterling,Nets,2,17,1,1
237,Scott Foster,Timberwolves,2,13,0,2
238,Gediminas Petraitis,Warriors,2,31,0,2
239,Dannica Mosher,Raptors,2,11,1,1
240,Gediminas Petraitis,Suns,2,31,1,1
241,Gediminas Petraitis,Pelicans,2,31,4,-2
242,Gediminas Petraitis,Mavericks,2,31,0,2
243,Gediminas Petraitis,Kings,2,31,2,0
244,Gediminas Petraitis,Bucks,2,31,4,-2
245,Gediminas Petraitis,Clippers,2,31,0,2
246,James Williams,Trail Blazers,2,23,0,2
247,James Williams,Spurs,2,23,0,2
248,Rodney Mott,Cavaliers,2,20,2,0
249,Rodney Mott,Bucks,2,20,1,1
250,Tyler Ricks,Pistons,2,2,0,2
251,Tyler Mirkovich,Wizards,2,4,1,1
252,Evan Scott,Spurs,2,6,0,2
253,Evan Scott,Clippers,2,6,1,1
254,Tyler Ford,Raptors,2,25,0,2
255,Tyler Ford,Pacers,2,25,4,-2
256,Lauren Holtkamp,Pacers,2,28,1,1
257,Phenizee Ransom,Pacers,2,17,5,-3
258,Phenizee Ransom,Trail Blazers,2,17,0,2
259,Tyler Ford,Mavericks,2,25,1,1
260,Brandon Schwab,Timberwolves,2,11,3,-1
261,Brandon Schwab,Thunder,2,11,0,2
262,Tyler Ford,Heat,2,25,3,-1
263,Tyler Ford,Kings,2,25,1,1
264,Pat Fraher,Warriors,2,33,0,2
265,Pat Fraher,Bucks,2,33,1,1
266,Pat Fraher,Pistons,2,33,1,1
267,Lauren Holtkamp,Nets,2,28,0,2
268,Karl Lane,Trail Blazers,2,22,2,0
269,Pat Fraher,Knicks,2,33,1,1
270,Pat Fraher,76ers,2,33,5,-3
271,Pat Fraher,Grizzlies,2,33,1,1
272,Scott Foster,Clippers,2,13,2,0
273,Scott Foster,Hawks,2,13,2,0
274,James Williams,Lakers,2,23,0,2
275,James Williams,Pistons,2,23,3,-1
276,Lauren Holtkamp,Hawks,2,28,0,2
277,Jamahl Ralls,Hornets,2,4,1,1
278,Gediminas Petraitis,Spurs,2,31,0,2
279,John Goble,Nets,2,17,3,-1
280,David Guthrie,Suns,2,32,0,2
281,Nate Green,Heat,2,17,4,-2
282,Courtney Kirkland,Pacers,2,21,5,-3
283,Courtney Kirkland,Kings,2,21,0,2
284,Justin Van Duyne,Clippers,2,16,1,1
285,Justin Van Duyne,Nets,2,16,0,2
286,Ashley Moyer-Gleich,Pistons,2,8,0,2
287,Mousa Dagher,Magic,2,22,2,0
288,Danielle Scott,Bucks,2,6,1,1
289,Danielle Scott,Mavericks,2,6,1,1
290,Ray Acosta,Pacers,2,14,1,1
291,David Guthrie,Warriors,2,32,7,-5
292,David Guthrie,Rockets,2,32,1,1
293,Nate Green,Suns,2,17,2,0
294,David Guthrie,Pistons,2,32,4,-2
295,David Guthrie,76ers,2,32,0,2
296,David Guthrie,Hornets,2,32,3,-1
297,Lauren Holtkamp,Pistons,2,28,3,-1
298,Kevin Scott,Pistons,2,16,0,2
299,J.T. Orr,Mavericks,2,12,1,1
300,Kevin Scott,Heat,2,16,2,0
301,Nate Green,Pacers,2,17,0,2
302,Ray Acosta,Heat,2,14,0,2
303,Scott Wall,Hornets,2,19,4,-2
304,John Butler,Timberwolves,2,25,4,-2
305,Nate Green,Pistons,2,17,3,-1
306,Courtney Kirkland,Grizzlies,2,21,1,1
307,Jenna Reneau,Grizzlies,2,4,1,1
308,Suyash Mehta,Raptors,2,14,0,2
309,CJ Washington,Hawks,2,18,2,0
310,CJ Washington,Grizzlies,2,18,1,1
311,Intae Hwang,Lakers,2,6,0,2
312,Intae Hwang,Timberwolves,2,6,0,2
313,John Conley,Nets,2,9,0,2
314,Curtis Blair,Clippers,2,17,1,1
315,Suyash Mehta,Mavericks,2,14,5,-3
316,CJ Washington,Jazz,2,18,0,2
317,Tony Brothers,Mavericks,2,24,1,1
318,Jason Goldenberg,Heat,2,12,0,2
319,Jason Goldenberg,Kings,2,12,0,2
320,Suyash Mehta,Cavaliers,2,14,0,2
321,Tony Brothers,Cavaliers,2,24,0,2
322,Kevin Scott,Hornets,1,16,1,0
323,Tyler Ford,Warriors,1,25,1,0
324,Nick Buchert,Bucks,1,22,1,0
325,Nick Buchert,Bulls,1,22,2,-1
326,Nick Buchert,Jazz,1,22,0,1
327,Intae Hwang,Trail Blazers,1,6,1,0
328,Tyler Mirkovich,Heat,1,4,2,-1
329,Curtis Blair,Trail Blazers,1,17,2,-1
330,Curtis Blair,Timberwolves,1,17,2,-1
331,Kevin Scott,Warriors,1,16,0,1
332,Curtis Blair,Pistons,1,17,2,-1
333,Curtis Blair,Grizzlies,1,17,2,-1
334,Jamahl Ralls,Pistons,1,4,2,-1
335,Jamahl Ralls,Bulls,1,4,0,1
336,Tyler Ford,Bucks,1,25,2,-1
337,Kevin Scott,Bucks,1,16,2,-1
338,Kevin Scott,Hawks,1,16,1,0
339,Matt Kallio,Bulls,1,15,1,0
340,Nate Green,Hawks,1,17,2,-1
341,Mitchell Ervin,Wizards,1,20,1,0
342,Intae Hwang,Jazz,1,6,1,0
343,Tyler Ford,Hawks,1,25,1,0
344,Leon Wood,Trail Blazers,1,25,0,1
345,Leon Wood,Pacers,1,25,0,1
346,Leon Wood,Pelicans,1,25,1,0
347,Leon Wood,Suns,1,25,1,0
348,Leon Wood,Thunder,1,25,3,-2
349,Matt Kallio,Jazz,1,15,1,0
350,Matt Kallio,Pacers,1,15,0,1
351,Matt Kallio,Wizards,1,15,0,1
352,Leon Wood,Nuggets,1,25,2,-1
353,Nick Buchert,Hawks,1,22,1,0
354,Nate Green,Trail Blazers,1,17,0,1
355,Tyler Ford,Hornets,1,25,1,0
356,Tyler Ford,Pistons,1,25,0,1
357,Leon Wood,Mavericks,1,25,1,0
358,Leon Wood,Lakers,1,25,1,0
359,Tyler Ford,Pelicans,1,25,1,0
360,Tyler Ford,Magic,1,25,1,0
361,Tyler Ford,Lakers,1,25,1,0
362,Nate Green,Magic,1,17,1,0
363,Leon Wood,Hornets,1,25,0,1
364,JB DeRosa,Warriors,1,20,1,0
365,Mitchell Ervin,Rockets,1,20,0,1
366,Natalie Sago,Hawks,1,19,1,0
367,Natalie Sago,Pistons,1,19,1,0
368,Sean Corbin,Warriors,1,25,0,1
369,Sean Corbin,Nets,1,25,0,1
370,Sean Corbin,Pistons,1,25,2,-1
371,Sean Corbin,Raptors,1,25,3,-2
372,John Goble,Celtics,1,17,1,0
373,John Goble,Heat,1,17,0,1
374,John Goble,Lakers,1,17,0,1
375,John Goble,Warriors,1,17,0,1
376,Sean Corbin,Rockets,1,25,0,1
377,Sean Corbin,Suns,1,25,1,0
378,CJ Washington,Bulls,1,18,1,0
379,CJ Washington,Heat,1,18,1,0
380,CJ Washington,Hornets,1,18,1,0
381,CJ Washington,Trail Blazers,1,18,2,-1
382,CJ Washington,Timberwolves,1,18,0,1
383,CJ Washington,Pistons,1,18,1,0
384,CJ Washington,Pelicans,1,18,1,0
385,CJ Washington,Nets,1,18,1,0
386,CJ Washington,Kings,1,18,2,-1
387,Sean Corbin,Hornets,1,25,0,1
388,Sean Corbin,Celtics,1,25,0,1
389,Justin Van Duyne,76ers,1,16,0,1
390,Justin Van Duyne,Bucks,1,16,1,0
391,Justin Van Duyne,Bulls,1,16,1,0
392,Justin Van Duyne,Heat,1,16,1,0
393,Justin Van Duyne,Jazz,1,16,0,1
394,Justin Van Duyne,Timberwolves,1,16,0,1
395,Justin Van Duyne,Nuggets,1,16,4,-3
396,Natalie Sago,Heat,1,19,2,-1
397,James Williams,Bulls,1,23,1,0
398,Mitchell Ervin,Lakers,1,20,1,0
399,James Williams,76ers,1,23,3,-2
400,Ray Acosta,Knicks,1,14,2,-1
401,Robert Hussey,Spurs,1,10,1,0
402,Pat O'Connell,Timberwolves,1,8,0,1
403,Pat O'Connell,Spurs,1,8,0,1
404,Pat O'Connell,Rockets,1,8,3,-2
405,Pat O'Connell,Mavericks,1,8,1,0
406,Pat O'Connell,Cavaliers,1,8,1,0
407,Robert Hussey,Rockets,1,10,0,1
408,Robert Hussey,Pistons,1,10,1,0
409,Robert Hussey,Pelicans,1,10,2,-1
410,Robert Hussey,Cavaliers,1,10,0,1
411,Robert Hussey,Bulls,1,10,1,0
412,Pat Fraher,Bulls,1,33,2,-1
413,Pat Fraher,Cavaliers,1,33,1,0
414,Pat Fraher,Clippers,1,33,0,1
415,Pat Fraher,Wizards,1,33,0,1
416,Pat Fraher,Trail Blazers,1,33,2,-1
417,Pat Fraher,Timberwolves,1,33,0,1
418,Pat Fraher,Spurs,1,33,1,0
419,Pat Fraher,Pelicans,1,33,1,0
420,Pat Fraher,Magic,1,33,0,1
421,Pat Fraher,Lakers,1,33,0,1
422,Pat Fraher,Hawks,1,33,0,1
423,Pat Fraher,Thunder,1,33,2,-1
424,Robert Hussey,76ers,1,10,0,1
425,James Williams,Timberwolves,1,23,0,1
426,James Williams,Pelicans,1,23,3,-2
427,James Williams,Knicks,1,23,3,-2
428,James Williams,Hornets,1,23,0,1
429,Justin Van Duyne,Lakers,1,16,0,1
430,Justin Van Duyne,Kings,1,16,1,0
431,Ashley Moyer-Gleich,Rockets,1,8,0,1
432,J.T. Orr,Bucks,1,12,2,-1
433,Sean Wright,Warriors,1,19,0,1
434,Derek Richardson,Mavericks,1,10,0,1
435,Derek Richardson,Trail Blazers,1,10,3,-2
436,Andy Nagy,Warriors,1,12,2,-1
437,Andy Nagy,Wizards,1,12,1,0
438,Andy Nagy,Clippers,1,12,0,1
439,Marc Davis,Suns,1,17,1,0
440,Marc Davis,Rockets,1,17,0,1
441,Marc Davis,Raptors,1,17,0,1
442,Marc Davis,Mavericks,1,17,1,0
443,Marc Davis,Jazz,1,17,1,0
444,Marc Davis,Thunder,1,17,0,1
445,Marc Davis,Trail Blazers,1,17,0,1
446,Marc Davis,Wizards,1,17,3,-2
447,Marc Davis,Warriors,1,17,1,0
448,Brett Nansel,Suns,1,16,0,1
449,Brett Nansel,Nets,1,16,3,-2
450,Brett Nansel,Lakers,1,16,0,1
451,Brett Nansel,Jazz,1,16,2,-1
452,Brett Nansel,Cavaliers,1,16,2,-1
453,Nick Buchert,Pacers,1,22,2,-1
454,Nick Buchert,Warriors,1,22,1,0
455,Nick Buchert,Timberwolves,1,22,2,-1
456,Nick Buchert,Spurs,1,22,0,1
457,Nick Buchert,Raptors,1,22,0,1
458,Nick Buchert,Magic,1,22,0,1
459,Mitchell Ervin,Cavaliers,1,20,1,0
460,Mitchell Ervin,Hawks,1,20,1,0
461,Mitchell Ervin,Jazz,1,20,2,-1
462,Ed Malloy,Trail Blazers,1,16,3,-2
463,Ed Malloy,Timberwolves,1,16,0,1
464,Sean Wright,Raptors,1,19,0,1
465,Dedric Taylor,Pistons,1,34,0,1
466,J.T. Orr,Bulls,1,12,2,-1
467,J.T. Orr,Cavaliers,1,12,0,1
468,J.T. Orr,Clippers,1,12,0,1
469,J.T. Orr,Pistons,1,12,0,1
470,J.T. Orr,Thunder,1,12,3,-2
471,J.T. Orr,Timberwolves,1,12,0,1
472,Ashley Moyer-Gleich,Hawks,1,8,0,1
473,Ashley Moyer-Gleich,Wizards,1,8,0,1
474,Dedric Taylor,76ers,1,34,0,1
475,Dedric Taylor,Grizzlies,1,34,2,-1
476,Dedric Taylor,Lakers,1,34,0,1
477,Dedric Taylor,Magic,1,34,0,1
478,Dedric Taylor,Nets,1,34,2,-1
479,Dedric Taylor,Rockets,1,34,1,0
480,Sean Wright,Pelicans,1,19,1,0
481,Dedric Taylor,Timberwolves,1,34,0,1
482,Dedric Taylor,Trail Blazers,1,34,0,1
483,Dedric Taylor,Wizards,1,34,3,-2
484,Dedric Taylor,Pacers,1,34,3,-2
485,JB DeRosa,Hornets,1,20,1,0
486,JB DeRosa,Jazz,1,20,2,-1
487,JB DeRosa,Mavericks,1,20,0,1
488,JB DeRosa,Pelicans,1,20,2,-1
489,JB DeRosa,Timberwolves,1,20,0,1
490,JB DeRosa,Trail Blazers,1,20,0,1
491,Zach Zarba,Raptors,1,21,0,1
492,Sean Wright,Mavericks,1,19,1,0
493,Sean Wright,Nets,1,19,2,-1
494,Tyler Mirkovich,Suns,1,4,0,1
495,Mousa Dagher,Heat,1,22,0,1
496,Zach Zarba,Lakers,1,21,1,0
497,Dannica Mosher,Mavericks,1,11,1,0
498,Ben Taylor,Knicks,1,28,3,-2
499,Ben Taylor,Cavaliers,1,28,1,0
500,Scott Twardoski,Bucks,1,29,2,-1
501,Scott Twardoski,Bulls,1,29,0,1
502,Scott Twardoski,Kings,1,29,2,-1
503,Scott Twardoski,Nets,1,29,2,-1
504,Scott Twardoski,Pacers,1,29,2,-1
505,Scott Wall,Cavaliers,1,19,2,-1
506,Scott Wall,Clippers,1,19,0,1
507,Scott Wall,Magic,1,19,0,1
508,Scott Wall,Mavericks,1,19,1,0
509,Scott Wall,Pelicans,1,19,1,0
510,Scott Wall,Rockets,1,19,0,1
511,Dannica Mosher,Magic,1,11,1,0
512,Dannica Mosher,Nets,1,11,2,-1
513,Ben Taylor,Mavericks,1,28,1,0
514,Dannica Mosher,Clippers,1,11,1,0
515,Dannica Mosher,Suns,1,11,1,0
516,Dannica Mosher,Wizards,1,11,0,1
517,Dannica Mosher,Cavaliers,1,11,1,0
518,David Guthrie,Heat,1,32,0,1
519,David Guthrie,Timberwolves,1,32,0,1
520,David Guthrie,Wizards,1,32,1,0
521,David Guthrie,Cavaliers,1,32,2,-1
522,Danielle Scott,Thunder,1,6,2,-1
523,Danielle Scott,Raptors,1,6,2,-1
524,Courtney Kirkland,Nuggets,1,21,1,0
525,Courtney Kirkland,Wizards,1,21,0,1
526,Courtney Kirkland,Warriors,1,21,0,1
527,Courtney Kirkland,Jazz,1,21,4,-3
528,Ben Taylor,Lakers,1,28,0,1
529,Ben Taylor,Pistons,1,28,1,0
530,Matt Myers,Spurs,1,20,0,1
531,Matt Boland,Trail Blazers,1,25,3,-2
532,Matt Myers,Clippers,1,20,1,0
533,Matt Myers,Celtics,1,20,2,-1
534,Matt Myers,Trail Blazers,1,20,1,0
535,Matt Myers,Cavaliers,1,20,2,-1
536,Brandon Adair,Warriors,1,18,0,1
537,Brandon Adair,Mavericks,1,18,1,0
538,Brandon Adair,Kings,1,18,0,1
539,Brandon Adair,Bucks,1,18,1,0
540,Brandon Adair,Bulls,1,18,2,-1
541,Brandon Adair,Hawks,1,18,1,0
542,Matt Boland,Spurs,1,25,4,-3
543,Matt Boland,Nuggets,1,25,0,1
544,Matt Boland,Suns,1,25,1,0
545,Matt Boland,Hornets,1,25,3,-2
546,Matt Boland,Cavaliers,1,25,1,0
547,Ben Taylor,Thunder,1,28,1,0
548,Brandon Adair,Hornets,1,18,0,1
549,Tre Maddox,Clippers,1,15,1,0
550,Tre Maddox,Jazz,1,15,0,1
551,Tre Maddox,Magic,1,15,1,0
552,Bill Kennedy,Nets,1,10,2,-1
553,Josh Tiven,Bulls,1,30,1,0
554,Josh Tiven,Hornets,1,30,0,1
555,Josh Tiven,Nets,1,30,1,0
556,Josh Tiven,Trail Blazers,1,30,0,1
557,Josh Tiven,Wizards,1,30,0,1
558,Bill Kennedy,Hornets,1,10,1,0
559,Ben Taylor,Wizards,1,28,3,-2
560,Ben Taylor,Trail Blazers,1,28,0,1
561,Ben Taylor,Timberwolves,1,28,0,1
562,Courtney Kirkland,Bulls,1,21,1,0
563,Courtney Kirkland,Bucks,1,21,1,0
564,Mark Lindsay,Cavaliers,1,7,0,1
565,Phenizee Ransom,Suns,1,17,0,1
566,Rodney Mott,Spurs,1,20,4,-3
567,Rodney Mott,Mavericks,1,20,1,0
568,Tom Washington,Timberwolves,1,1,0,1
569,Karl Lane,Raptors,1,22,3,-2
570,Karl Lane,Pistons,1,22,1,0
571,Karl Lane,Nuggets,1,22,0,1
572,Karl Lane,Magic,1,22,1,0
573,Karl Lane,Clippers,1,22,0,1
574,Karl Lane,Bulls,1,22,2,-1
575,Karl Lane,Hawks,1,22,1,0
576,Cheryl Flores,Rockets,1,3,1,0
577,Cheryl Flores,Heat,1,3,1,0
578,Cheryl Flores,76ers,1,3,0,1
579,Phenizee Ransom,Kings,1,17,0,1
580,Phenizee Ransom,Warriors,1,17,1,0
581,Mark Lindsay,Heat,1,7,0,1
582,Phenizee Ransom,Wizards,1,17,1,0
583,Phenizee Ransom,Jazz,1,17,1,0
584,Phenizee Ransom,Cavaliers,1,17,1,0
585,Derrick Collins,Thunder,1,1,0,1
586,Lauren Holtkamp,76ers,1,28,0,1
587,Lauren Holtkamp,Bulls,1,28,1,0
588,Lauren Holtkamp,Celtics,1,28,0,1
589,Lauren Holtkamp,Clippers,1,28,0,1
590,Lauren Holtkamp,Knicks,1,28,2,-1
591,Lauren Holtkamp,Spurs,1,28,1,0
592,Jacyn Goble,Bucks,1,30,1,0
593,Jacyn Goble,Bulls,1,30,1,0
594,Jacyn Goble,Hawks,1,30,0,1
595,Jacyn Goble,Rockets,1,30,3,-2
596,Rodney Mott,Pistons,1,20,0,1
597,Rodney Mott,Nuggets,1,20,1,0
598,Rodney Mott,Nets,1,20,1,0
599,Rodney Mott,Lakers,1,20,0,1
600,Suyash Mehta,Pacers,1,14,0,1
601,Suyash Mehta,Hawks,1,14,1,0
602,Suyash Mehta,Clippers,1,14,1,0
603,Mark Lindsay,Bucks,1,7,1,0
604,Mark Lindsay,Hawks,1,7,1,0
605,Mark Lindsay,Pacers,1,7,0,1
606,Mark Lindsay,Rockets,1,7,0,1
607,Mark Lindsay,Suns,1,7,0,1
608,Tony Brothers,Jazz,1,24,1,0
609,Tony Brothers,Knicks,1,24,3,-2
610,Tony Brothers,Lakers,1,24,0,1
611,Tony Brothers,Nuggets,1,24,0,1
612,Tony Brothers,Rockets,1,24,3,-2
613,Tony Brothers,Trail Blazers,1,24,1,0
614,Kevin Cutler,Nets,1,4,0,1
615,Kevin Cutler,Bulls,1,4,1,0
616,Kevin Cutler,Jazz,1,4,0,1
617,Kevin Cutler,Knicks,1,4,1,0
618,Gediminas Petraitis,Knicks,1,31,3,-2
619,Marat Kogut,Bucks,1,3,0,1
620,Marat Kogut,Pacers,1,3,0,1
621,Marat Kogut,Warriors,1,3,0,1
622,Brent Barnaky,Thunder,1,22,4,-3
623,Brent Barnaky,Pistons,1,22,0,1
624,Brent Barnaky,Mavericks,1,22,2,-1
625,Brent Barnaky,Knicks,1,22,0,1
626,Brent Haskill,Raptors,1,1,0,1
627,Sha'Rae Mitchell,Hornets,1,1,0,1
628,Rodney Mott,Hawks,1,20,1,0
629,Matt Myers,Warriors,1,20,0,1
630,Ben Taylor,Pelicans,1,28,1,0
631,Matt Myers,Pelicans,1,20,3,-2
632,Jason Goldenberg,Pelicans,1,12,2,-1
633,John Butler,Kings,1,25,0,1
634,John Butler,Magic,1,25,1,0
635,John Butler,Nuggets,1,25,3,-2
636,John Butler,Spurs,1,25,4,-3
637,John Butler,Heat,1,25,1,0
638,Jason Goldenberg,Pacers,1,12,2,-1
639,Matt Myers,Nuggets,1,20,3,-2
640,Jason Goldenberg,Hawks,1,12,0,1
641,James Capers,Cavaliers,1,19,1,0
642,James Capers,Nets,1,19,0,1
643,James Capers,Pelicans,1,19,1,0
644,James Capers,Pistons,1,19,1,0
645,Jenna Schroeder,Pistons,1,6,0,1
646,Jenna Schroeder,Pacers,1,6,3,-2
647,Jenna Schroeder,Magic,1,6,0,1
648,Jenna Schroeder,Clippers,1,6,0,1
649,Brian Forte,Wizards,1,21,0,1
650,Brian Forte,Spurs,1,21,0,1
651,Brian Forte,Timberwolves,1,21,0,1
652,Brian Forte,Warriors,1,21,0,1
653,Brian Forte,Pelicans,1,21,1,0
654,Brian Forte,Rockets,1,21,1,0
655,Brian Forte,Mavericks,1,21,1,0
656,Brian Forte,Lakers,1,21,2,-1
657,Brian Forte,Knicks,1,21,2,-1
658,John Butler,Trail Blazers,1,25,0,1
659,Jason Goldenberg,Raptors,1,12,0,1
660,Brian Forte,Heat,1,21,1,0
661,Jason Goldenberg,Thunder,1,12,1,0
662,Zach Zarba,Bucks,1,21,0,1
663,Evan Scott,Knicks,1,6,0,1
664,Evan Scott,Cavaliers,1,6,2,-1
665,Jonathan Sterling,Bucks,1,17,1,0
666,Jonathan Sterling,76ers,1,17,1,0
667,Jonathan Sterling,Heat,1,17,0,1
668,Jonathan Sterling,Pacers,1,17,3,-2
669,Jonathan Sterling,Warriors,1,17,0,1
670,Scott Foster,Warriors,1,13,0,1
671,Scott Foster,Trail Blazers,1,13,1,0
672,Scott Foster,Pelicans,1,13,2,-1
673,Scott Foster,Magic,1,13,2,-1
674,Scott Foster,Celtics,1,13,1,0
675,Scott Foster,Cavaliers,1,13,1,0
676,John Conley,Celtics,1,9,0,1
677,John Conley,Timberwolves,1,9,2,-1
678,John Conley,Clippers,1,9,1,0
679,Scott Foster,Bucks,1,13,0,1
680,Mousa Dagher,Hawks,1,22,0,1
681,Mousa Dagher,Lakers,1,22,0,1
682,Mousa Dagher,Mavericks,1,22,2,-1
683,Mousa Dagher,Suns,1,22,0,1
684,Mousa Dagher,Trail Blazers,1,22,0,1
685,Jason Goldenberg,Rockets,1,12,0,1
686,Jason Goldenberg,Warriors,1,12,1,0
687,Brian Forte,Hornets,1,21,0,1
688,Jason Goldenberg,Nets,1,12,1,0
689,Matt Myers,Hornets,1,20,0,1
690,Eric Lewis,Pacers,1,20,2,-1
691,Eric Lewis,Celtics,1,20,2,-1
692,Eric Lewis,Heat,1,20,0,1
693,Eric Lewis,Mavericks,1,20,3,-2
694,Eric Lewis,Nets,1,20,0,1
695,Aaron Smith,Hawks,1,19,1,0
696,Aaron Smith,Heat,1,19,2,-1
697,Michael Smith,Nets,1,7,1,0
698,Jenna Reneau,Jazz,1,4,2,-1
699,Michael Smith,Heat,1,7,0,1
700,Michael Smith,76ers,1,7,1,0
701,Aaron Smith,Pacers,1,19,0,1
702,Brandon Adair,Timberwolves,1,18,0,1
703,Brandon Adair,Suns,1,18,1,0
704,Brandon Adair,Raptors,1,18,0,1
705,Aaron Smith,Rockets,1,19,0,1
706,Aaron Smith,Timberwolves,1,19,0,1
707,Aaron Smith,Raptors,1,19,2,-1
708,Jenna Reneau,Mavericks,1,4,0,1
709,Brian Forte,76ers,1,21,0,1
710,Robert Hussey,Timberwolves,0,10,1,-1
711,Brandon Adair,Heat,0,18,0,0
712,Sha'Rae Mitchell,Pistons,0,1,0,0
713,Sha'Rae Mitchell,Warriors,0,1,0,0
714,Marat Kogut,Lakers,0,3,1,-1
715,Tom Washington,Thunder,0,1,0,0
716,Tom Washington,Raptors,0,1,1,-1
717,Robert Hussey,Raptors,0,10,0,0
718,Robert Hussey,Wizards,0,10,1,-1
719,Nate Green,Rockets,0,17,0,0
720,Robert Hussey,Kings,0,10,1,-1
721,Marat Kogut,Hawks,0,3,0,0
722,Marat Kogut,76ers,0,3,0,0
723,Marat Kogut,Celtics,0,3,0,0
724,Robert Hussey,Magic,0,10,0,0
725,Scott Foster,Hornets,0,13,2,-2
726,Brent Haskill,Kings,0,1,1,-1
727,Sha'Rae Mitchell,Pelicans,0,1,0,0
728,Robert Hussey,Suns,0,10,0,0
729,Scott Foster,Wizards,0,13,0,0
730,Scott Foster,Raptors,0,13,0,0
731,Nate Green,Knicks,0,17,2,-2
732,Marat Kogut,Magic,0,3,1,-1
733,Marat Kogut,Pistons,0,3,0,0
734,Michael Smith,Trail Blazers,0,7,0,0
735,Scott Foster,Pacers,0,13,0,0
736,Scott Foster,Knicks,0,13,0,0
737,Scott Foster,Mavericks,0,13,0,0
738,Brandon Adair,Clippers,0,18,0,0
739,Marat Kogut,Rockets,0,3,0,0
740,Marat Kogut,Suns,0,3,1,-1
741,Sha'Rae Mitchell,Jazz,0,1,0,0
742,Nate Green,Mavericks,0,17,1,-1
743,Sha'Rae Mitchell,Kings,0,1,1,-1
744,Bill Kennedy,Lakers,0,10,0,0
745,Michael Smith,Thunder,0,7,0,0
746,Intae Hwang,Hornets,0,6,4,-4
747,Derrick Collins,Trail Blazers,0,1,0,0
748,Evan Scott,Grizzlies,0,6,2,-2
749,Evan Scott,Wizards,0,6,0,0
750,Andy Nagy,Pacers,0,12,0,0
751,Andy Nagy,Cavaliers,0,12,0,0
752,Tyler Ricks,Cavaliers,0,2,0,0
753,Jamahl Ralls,Hawks,0,4,0,0
754,Derrick Collins,Heat,0,1,0,0
755,Derrick Collins,Jazz,0,1,0,0
756,Derrick Collins,Pacers,0,1,0,0
757,Jamahl Ralls,76ers,0,4,1,-1
758,Tyler Ricks,Jazz,0,2,0,0
759,Tyler Ricks,Lakers,0,2,2,-2
760,Andy Nagy,Bulls,0,12,1,-1
761,Ray Acosta,Bucks,0,14,0,0
762,Ray Acosta,Celtics,0,14,3,-3
763,Ray Acosta,Jazz,0,14,0,0
764,Derrick Collins,Timberwolves,0,1,1,-1
765,Evan Scott,Hornets,0,6,0,0
766,Cheryl Flores,Trail Blazers,0,3,0,0
767,Evan Scott,Raptors,0,6,1,-1
768,Tom Washington,Hawks,0,1,0,0
769,Brandon Adair,Jazz,0,18,2,-2
770,Andy Nagy,Trail Blazers,0,12,3,-3
771,Andy Nagy,Thunder,0,12,1,-1
772,Cheryl Flores,Hornets,0,3,0,0
773,Andy Nagy,Suns,0,12,0,0
774,Andy Nagy,Pelicans,0,12,0,0
775,Evan Scott,Pistons,0,6,0,0
776,Cheryl Flores,Thunder,0,3,0,0
777,Evan Scott,Kings,0,6,0,0
778,Evan Scott,Jazz,0,6,0,0
779,Cheryl Flores,Nuggets,0,3,0,0
780,Cheryl Flores,Mavericks,0,3,0,0
781,Cheryl Flores,Knicks,0,3,1,-1
782,Cheryl Flores,Jazz,0,3,0,0
783,Cheryl Flores,Raptors,0,3,0,0
784,Ray Acosta,Mavericks,0,14,3,-3
785,Kevin Cutler,Warriors,0,4,0,0
786,Sean Wright,76ers,0,19,0,0
787,Jenna Schroeder,Mavericks,0,6,1,-1
788,Jenna Schroeder,Celtics,0,6,0,0
789,Jenna Schroeder,Bulls,0,6,0,0
790,Ashley Moyer-Gleich,Timberwolves,0,8,1,-1
791,Ashley Moyer-Gleich,Thunder,0,8,0,0
792,Ashley Moyer-Gleich,Suns,0,8,0,0
793,Bill Kennedy,Heat,0,10,0,0
794,Bill Kennedy,Hawks,0,10,0,0
795,Dannica Mosher,Knicks,0,11,1,-1
796,Dannica Mosher,Celtics,0,11,2,-2
797,Dannica Mosher,Bucks,0,11,0,0
798,Dannica Mosher,Jazz,0,11,0,0
799,Michael Smith,Magic,0,7,0,0
800,Michael Smith,Jazz,0,7,0,0
801,Nick Buchert,Mavericks,0,22,3,-3
802,Nick Buchert,Trail Blazers,0,22,3,-3
803,Sean Corbin,Timberwolves,0,25,1,-1
804,Nick Buchert,Nets,0,22,1,-1
805,Jenna Schroeder,Knicks,0,6,0,0
806,Jenna Schroeder,Nets,0,6,1,-1
807,Nick Buchert,Kings,0,22,1,-1
808,Tyler Mirkovich,Rockets,0,4,1,-1
809,Bill Kennedy,Bucks,0,10,2,-2
810,Bill Kennedy,Pelicans,0,10,0,0
811,Ashley Moyer-Gleich,Magic,0,8,0,0
812,Ashley Moyer-Gleich,Knicks,0,8,0,0
813,Ashley Moyer-Gleich,Kings,0,8,2,-2
814,Ashley Moyer-Gleich,Jazz,0,8,0,0
815,Ashley Moyer-Gleich,Bulls,0,8,1,-1
816,Ashley Moyer-Gleich,76ers,0,8,3,-3
817,Ashley Moyer-Gleich,Nuggets,0,8,0,0
818,Ashley Moyer-Gleich,Pacers,0,8,1,-1
819,Bill Kennedy,Raptors,0,10,0,0
820,Bill Kennedy,Kings,0,10,0,0
821,Bill Kennedy,Jazz,0,10,0,0
822,Bill Kennedy,Thunder,0,10,0,0
823,Bill Kennedy,Warriors,0,10,0,0
824,Bill Kennedy,Wizards,0,10,0,0
825,Jenna Reneau,Pistons,0,4,1,-1
826,Nick Buchert,Knicks,0,22,0,0
827,Jason Goldenberg,Suns,0,12,1,-1
828,Kevin Cutler,Celtics,0,4,0,0
829,Mark Lindsay,Lakers,0,7,1,-1
830,Brandon Adair,Pacers,0,18,1,-1
831,Sean Wright,Trail Blazers,0,19,1,-1
832,Sean Wright,Rockets,0,19,0,0
833,Sean Wright,Jazz,0,19,0,0
834,Sean Wright,Hornets,0,19,2,-2
835,Sean Wright,Grizzlies,0,19,1,-1
836,Sean Wright,Cavaliers,0,19,0,0
837,Brandon Adair,Nuggets,0,18,2,-2
838,Kevin Cutler,Pelicans,0,4,0,0
839,Kevin Cutler,Suns,0,4,1,-1
840,Kevin Cutler,Timberwolves,0,4,0,0
841,Kevin Cutler,Trail Blazers,0,4,0,0
842,Bill Kennedy,76ers,0,10,0,0
843,Kevin Cutler,Wizards,0,4,0,0
844,Kevin Cutler,Kings,0,4,1,-1
845,Brandon Adair,Knicks,0,18,1,-1
846,Kevin Cutler,Lakers,0,4,0,0
847,Mark Lindsay,Bulls,0,7,2,-2
848,Mark Lindsay,Nets,0,7,1,-1
849,Danielle Scott,Heat,0,6,0,0
850,Mark Lindsay,Spurs,0,7,1,-1
851,Danielle Scott,Wizards,0,6,0,0
852,Jason Goldenberg,Nuggets,0,12,2,-2
853,Jason Goldenberg,Magic,0,12,0,0
854,Jason Goldenberg,Jazz,0,12,0,0
855,Jason Goldenberg,76ers,0,12,2,-2
856,Michael Smith,Celtics,0,7,2,-2
857,Michael Smith,Cavaliers,0,7,2,-2
858,Sean Corbin,Wizards,0,25,0,0
859,Sean Corbin,Mavericks,0,25,1,-1
860,Sean Corbin,76ers,0,25,2,-2
861,Sean Corbin,Bulls,0,25,1,-1
862,Sean Corbin,Heat,0,25,0,0
863,Sean Corbin,Knicks,0,25,1,-1
864,Brandon Adair,Wizards,0,18,0,0
865,Nick Buchert,Clippers,0,22,2,-2
866,Brandon Adair,Trail Blazers,0,18,1,-1
867,Michael Smith,Kings,0,7,1,-1
868,Ray Acosta,Kings,0,14,1,-1
869,Mitchell Ervin,Timberwolves,0,20,1,-1
870,Ray Acosta,Nets,0,14,1,-1
871,Josh Tiven,Nuggets,0,30,0,0
872,Tre Maddox,Warriors,0,15,0,0
873,Tre Maddox,Raptors,0,15,0,0
874,Tre Maddox,Pistons,0,15,1,-1
875,Tre Maddox,Nuggets,0,15,3,-3
876,Tre Maddox,Knicks,0,15,0,0
877,Tre Maddox,Hornets,0,15,0,0
878,Matt Boland,Thunder,0,25,0,0
879,Matt Boland,Wizards,0,25,0,0
880,Matt Boland,Rockets,0,25,1,-1
881,Matt Boland,Grizzlies,0,25,1,-1
882,Matt Boland,Bulls,0,25,0,0
883,Matt Boland,76ers,0,25,2,-2
884,Matt Myers,Timberwolves,0,20,1,-1
885,Matt Myers,Rockets,0,20,0,0
886,Matt Myers,Pacers,0,20,0,0
887,Matt Myers,Nets,0,20,1,-1
888,Matt Myers,Knicks,0,20,0,0
889,Tre Maddox,Pacers,0,15,0,0
890,Josh Tiven,Spurs,0,30,3,-3
891,Matt Myers,Heat,0,20,0,0
892,Josh Tiven,Raptors,0,30,4,-4
893,Scott Wall,Kings,0,19,3,-3
894,Scott Wall,Heat,0,19,2,-2
895,Scott Wall,Bulls,0,19,1,-1
896,Scott Twardoski,Jazz,0,29,4,-4
897,Scott Twardoski,Heat,0,29,0,0
898,Scott Twardoski,76ers,0,29,1,-1
899,Scott Twardoski,Celtics,0,29,0,0
900,Scott Twardoski,Pelicans,0,29,0,0
901,Scott Twardoski,Trail Blazers,0,29,0,0
902,Scott Twardoski,Spurs,0,29,3,-3
903,Ben Taylor,Raptors,0,28,2,-2
904,Ben Taylor,Heat,0,28,0,0
905,Ben Taylor,Kings,0,28,1,-1
906,Josh Tiven,Suns,0,30,0,0
907,Josh Tiven,Kings,0,30,1,-1
908,Josh Tiven,Magic,0,30,1,-1
909,Josh Tiven,Pelicans,0,30,0,0
910,Matt Myers,Jazz,0,20,0,0
911,Matt Myers,Grizzlies,0,20,1,-1
912,Ray Acosta,Pelicans,0,14,0,0
913,Brian Forte,Nuggets,0,21,3,-3
914,Brian Forte,Suns,0,21,0,0
915,Brian Forte,Bucks,0,21,2,-2
916,Brian Forte,Cavaliers,0,21,1,-1
917,James Capers,Magic,0,19,0,0
918,James Capers,Pacers,0,19,0,0
919,James Capers,Raptors,0,19,1,-1
920,James Capers,Rockets,0,19,1,-1
921,James Capers,Thunder,0,19,0,0
922,James Capers,Trail Blazers,0,19,0,0
923,James Capers,Celtics,0,19,3,-3
924,James Capers,Hawks,0,19,0,0
925,John Butler,Nets,0,25,1,-1
926,John Butler,Hornets,0,25,1,-1
927,John Butler,Bucks,0,25,0,0
928,John Butler,Rockets,0,25,0,0
929,John Butler,Raptors,0,25,0,0
930,Mousa Dagher,Celtics,0,22,3,-3
931,Brian Forte,Raptors,0,21,2,-2
932,Brian Forte,Jazz,0,21,0,0
933,Matt Myers,Bucks,0,20,4,-4
934,Brian Forte,Kings,0,21,0,0
935,Aaron Smith,Warriors,0,19,5,-5
936,Aaron Smith,Bulls,0,19,1,-1
937,Aaron Smith,Pelicans,0,19,1,-1
938,Aaron Smith,Cavaliers,0,19,0,0
939,Aaron Smith,Hornets,0,19,2,-2
940,Aaron Smith,Jazz,0,19,0,0
941,Aaron Smith,Knicks,0,19,0,0
942,Aaron Smith,Nets,0,19,1,-1
943,Eric Lewis,Jazz,0,20,0,0
944,Eric Lewis,Knicks,0,20,0,0
945,Eric Lewis,Suns,0,20,2,-2
946,Eric Lewis,Spurs,0,20,0,0
947,Eric Lewis,Rockets,0,20,0,0
948,Eric Lewis,Bulls,0,20,0,0
949,Brian Forte,Grizzlies,0,21,1,-1
950,Brian Forte,Thunder,0,21,2,-2
951,Brian Forte,Nets,0,21,0,0
952,Scott Wall,Lakers,0,19,1,-1
953,Scott Wall,Spurs,0,19,3,-3
954,David Guthrie,Nets,0,32,2,-2
955,Karl Lane,Heat,0,22,0,0
956,Karl Lane,Wizards,0,22,1,-1
957,Karl Lane,Kings,0,22,1,-1
958,Karl Lane,Nets,0,22,0,0
959,Karl Lane,Suns,0,22,1,-1
960,Karl Lane,Timberwolves,0,22,3,-3
961,Rodney Mott,Wizards,0,20,0,0
962,Rodney Mott,Trail Blazers,0,20,0,0
963,Rodney Mott,Thunder,0,20,0,0
964,Rodney Mott,Knicks,0,20,2,-2
965,Rodney Mott,Kings,0,20,1,-1
966,Rodney Mott,Hornets,0,20,3,-3
967,Rodney Mott,Bulls,0,20,0,0
968,Brent Barnaky,Nets,0,22,1,-1
969,Brent Barnaky,Nuggets,0,22,0,0
970,Brent Barnaky,Pacers,0,22,1,-1
971,Brent Barnaky,Raptors,0,22,1,-1
972,Brent Barnaky,Rockets,0,22,0,0
973,Karl Lane,76ers,0,22,2,-2
974,Karl Lane,Celtics,0,22,0,0
975,David Guthrie,Lakers,0,32,1,-1
976,Phenizee Ransom,Heat,0,17,1,-1
977,Jacyn Goble,Thunder,0,30,1,-1
978,Jacyn Goble,Heat,0,30,4,-4
979,Jacyn Goble,Kings,0,30,1,-1
980,Lauren Holtkamp,Grizzlies,0,28,0,0
981,Lauren Holtkamp,Wizards,0,28,2,-2
982,Lauren Holtkamp,Warriors,0,28,0,0
983,Lauren Holtkamp,Trail Blazers,0,28,0,0
984,Lauren Holtkamp,Thunder,0,28,1,-1
985,Lauren Holtkamp,Suns,0,28,0,0
986,Lauren Holtkamp,Raptors,0,28,2,-2
987,Lauren Holtkamp,Heat,0,28,0,0
988,Lauren Holtkamp,Jazz,0,28,2,-2
989,Lauren Holtkamp,Lakers,0,28,4,-4
990,Phenizee Ransom,Spurs,0,17,1,-1
991,Phenizee Ransom,Nuggets,0,17,1,-1
992,Phenizee Ransom,Lakers,0,17,0,0
993,Phenizee Ransom,Hornets,0,17,3,-3
994,Brent Barnaky,Magic,0,22,0,0
995,Brent Barnaky,Jazz,0,22,0,0
996,Brent Barnaky,Warriors,0,22,5,-5
997,Brent Barnaky,Wizards,0,22,0,0
998,Suyash Mehta,Spurs,0,14,0,0
999,Suyash Mehta,Jazz,0,14,0,0
1000,Suyash Mehta,Heat,0,14,2,-2
1001,Suyash Mehta,Bulls,0,14,3,-3
1002,Courtney Kirkland,Pistons,0,21,0,0
1003,Courtney Kirkland,Pelicans,0,21,0,0
1004,Courtney Kirkland,Mavericks,0,21,3,-3
1005,Courtney Kirkland,Rockets,0,21,0,0
1006,Courtney Kirkland,Trail Blazers,0,21,1,-1
1007,Courtney Kirkland,Timberwolves,0,21,1,-1
1008,Courtney Kirkland,Knicks,0,21,0,0
1009,Courtney Kirkland,Hornets,0,21,1,-1
1010,David Guthrie,Bulls,0,32,1,-1
1011,David Guthrie,Jazz,0,32,4,-4
1012,David Guthrie,Spurs,0,32,0,0
1013,David Guthrie,Trail Blazers,0,32,0,0
1014,David Guthrie,Hawks,0,32,0,0
1015,Tony Brothers,Bucks,0,24,4,-4
1016,Tony Brothers,Bulls,0,24,2,-2
1017,Tony Brothers,Grizzlies,0,24,0,0
1018,Gediminas Petraitis,76ers,0,31,2,-2
1019,Gediminas Petraitis,Jazz,0,31,2,-2
1020,Gediminas Petraitis,Lakers,0,31,1,-1
1021,Gediminas Petraitis,Nets,0,31,3,-3
1022,Gediminas Petraitis,Nuggets,0,31,1,-1
1023,Gediminas Petraitis,Pacers,0,31,0,0
1024,Gediminas Petraitis,Pistons,0,31,1,-1
1025,Gediminas Petraitis,Hawks,0,31,1,-1
1026,Gediminas Petraitis,Grizzlies,0,31,1,-1
1027,Tony Brothers,Hawks,0,24,1,-1
1028,Gediminas Petraitis,Cavaliers,0,31,2,-2
1029,Gediminas Petraitis,Trail Blazers,0,31,0,0
1030,Tony Brothers,Suns,0,24,1,-1
1031,Tony Brothers,Pelicans,0,24,0,0
1032,Tony Brothers,Pacers,0,24,0,0
1033,Tony Brothers,Kings,0,24,3,-3
1034,Tony Brothers,Heat,0,24,0,0
1035,Mousa Dagher,Cavaliers,0,22,0,0
1036,Mousa Dagher,Bulls,0,22,1,-1
1037,Mousa Dagher,Jazz,0,22,1,-1
1038,Ed Malloy,Bulls,0,16,0,0
1039,Ed Malloy,Clippers,0,16,0,0
1040,JB DeRosa,Bulls,0,20,2,-2
1041,JB DeRosa,Clippers,0,20,0,0
1042,JB DeRosa,Grizzlies,0,20,3,-3
1043,JB DeRosa,Heat,0,20,2,-2
1044,JB DeRosa,Kings,0,20,3,-3
1045,JB DeRosa,Knicks,0,20,1,-1
1046,JB DeRosa,Nets,0,20,0,0
1047,JB DeRosa,Nuggets,0,20,1,-1
1048,JB DeRosa,Raptors,0,20,0,0
1049,JB DeRosa,Suns,0,20,0,0
1050,Dedric Taylor,Kings,0,34,1,-1
1051,Dedric Taylor,Raptors,0,34,1,-1
1052,Dedric Taylor,Thunder,0,34,0,0
1053,Dedric Taylor,Bucks,0,34,1,-1
1054,Dedric Taylor,Bulls,0,34,1,-1
1055,J.T. Orr,Trail Blazers,0,12,1,-1
1056,Ed Malloy,Celtics,0,16,2,-2
1057,Ed Malloy,76ers,0,16,0,0
1058,Brett Nansel,Wizards,0,16,0,0
1059,Ed Malloy,Hawks,0,16,0,0
1060,Marc Davis,Nuggets,0,17,1,-1
1061,Marc Davis,Magic,0,17,0,0
1062,Marc Davis,Knicks,0,17,1,-1
1063,Marc Davis,Kings,0,17,2,-2
1064,Marc Davis,Celtics,0,17,3,-3
1065,Derek Richardson,Jazz,0,10,0,0
1066,Derek Richardson,Suns,0,10,1,-1
1067,Eric Dalen,Wizards,0,6,0,0
1068,Eric Dalen,Bucks,0,6,0,0
1069,Eric Dalen,Celtics,0,6,3,-3
1070,Eric Dalen,Hawks,0,6,0,0
1071,Eric Dalen,Hornets,0,6,0,0
1072,Eric Dalen,Rockets,0,6,0,0
1073,Eric Dalen,Timberwolves,0,6,3,-3
1074,Ed Malloy,Warriors,0,16,0,0
1075,Ed Malloy,Magic,0,16,0,0
1076,Ed Malloy,Pistons,0,16,0,0
1077,J.T. Orr,76ers,0,12,3,-3
1078,J.T. Orr,Hawks,0,12,0,0
1079,J.T. Orr,Kings,0,12,0,0
1080,Justin Van Duyne,Hawks,0,16,0,0
1081,Natalie Sago,Pelicans,0,19,0,0
1082,Natalie Sago,Kings,0,19,2,-2
1083,James Williams,Hawks,0,23,0,0
1084,James Williams,Heat,0,23,2,-2
1085,James Williams,Mavericks,0,23,2,-2
1086,James Williams,Nets,0,23,2,-2
1087,James Williams,Suns,0,23,0,0
1088,James Williams,Wizards,0,23,0,0
1089,Pat Fraher,Celtics,0,33,0,0
1090,Pat Fraher,Pacers,0,33,2,-2
1091,Pat Fraher,Jazz,0,33,2,-2
1092,Pat Fraher,Hornets,0,33,1,-1
1093,Pat Fraher,Heat,0,33,0,0
1094,Pat O'Connell,Jazz,0,8,1,-1
1095,Pat O'Connell,Grizzlies,0,8,1,-1
1096,Ray Acosta,Warriors,0,14,0,0
1097,Ray Acosta,Raptors,0,14,3,-3
1098,Natalie Sago,Spurs,0,19,0,0
1099,John Goble,Bucks,0,17,0,0
1100,John Goble,Rockets,0,17,0,0
1101,CJ Washington,Thunder,0,18,1,-1
1102,Justin Van Duyne,Hornets,0,16,0,0
1103,Justin Van Duyne,Knicks,0,16,1,-1
1104,Justin Van Duyne,Mavericks,0,16,2,-2
1105,Justin Van Duyne,Raptors,0,16,0,0
1106,Justin Van Duyne,Suns,0,16,0,0
1107,Justin Van Duyne,Trail Blazers,0,16,2,-2
1108,Justin Van Duyne,Warriors,0,16,0,0
1109,CJ Washington,76ers,0,18,2,-2
1110,John Goble,Thunder,0,17,1,-1
1111,John Goble,Hornets,0,17,0,0
1112,John Goble,Knicks,0,17,1,-1
1113,John Goble,Kings,0,17,2,-2
1114,John Goble,Nuggets,0,17,1,-1
1115,John Goble,Mavericks,0,17,1,-1
1116,John Goble,Grizzlies,0,17,3,-3
1117,John Goble,Wizards,0,17,1,-1
1118,Marc Davis,Timberwolves,0,17,2,-2
1119,Brett Nansel,Rockets,0,16,0,0
1120,Mousa Dagher,Kings,0,22,1,-1
1121,Brandon Schwab,Lakers,0,11,4,-4
1122,Brandon Schwab,Nuggets,0,11,2,-2
1123,Brandon Schwab,Pacers,0,11,0,0
1124,Brandon Schwab,Spurs,0,11,0,0
1125,Brandon Schwab,Clippers,0,11,0,0
1126,Brandon Schwab,Hawks,0,11,0,0
1127,Brandon Schwab,Heat,0,11,0,0
1128,Brandon Schwab,Hornets,0,11,0,0
1129,Zach Zarba,Trail Blazers,0,21,3,-3
1130,Zach Zarba,Suns,0,21,1,-1
1131,Zach Zarba,Kings,0,21,1,-1
1132,Zach Zarba,Heat,0,21,0,0
1133,Zach Zarba,Clippers,0,21,2,-2
1134,Zach Zarba,Celtics,0,21,0,0
1135,Zach Zarba,Bulls,0,21,0,0
1136,Tyler Ford,Nets,0,25,1,-1
1137,Tyler Ford,Jazz,0,25,1,-1
1138,Tyler Ford,Grizzlies,0,25,0,0
1139,Brandon Schwab,Nets,0,11,0,0
1140,Brandon Schwab,Knicks,0,11,0,0
1141,Brett Nansel,Spurs,0,16,1,-1
1142,Brandon Schwab,Wizards,0,11,0,0
1143,Mousa Dagher,Wizards,0,22,0,0
1144,Mousa Dagher,Thunder,0,22,0,0
1145,Mousa Dagher,Raptors,0,22,2,-2
1146,Mousa Dagher,Nets,0,22,2,-2
1147,John Conley,Bucks,0,9,0,0
1148,John Conley,76ers,0,9,0,0
1149,John Conley,Spurs,0,9,0,0
1150,John Conley,Trail Blazers,0,9,0,0
1151,John Conley,Pelicans,0,9,0,0
1152,John Conley,Cavaliers,0,9,1,-1
1153,John Conley,Jazz,0,9,3,-3
1154,Jonathan Sterling,Trail Blazers,0,17,0,0
1155,Jonathan Sterling,Cavaliers,0,17,2,-2
1156,Jonathan Sterling,Magic,0,17,1,-1
1157,Jonathan Sterling,Mavericks,0,17,2,-2
1158,Jonathan Sterling,Grizzlies,0,17,0,0
1159,Jonathan Sterling,Knicks,0,17,0,0
1160,Tyler Ford,Cavaliers,0,25,0,0
1161,Tyler Ford,Suns,0,25,3,-3
1162,Curtis Blair,Warriors,0,17,0,0
1163,Curtis Blair,Rockets,0,17,0,0
1164,Leon Wood,Pistons,0,25,1,-1
1165,Leon Wood,Clippers,0,25,2,-2
1166,Mitchell Ervin,Warriors,0,20,0,0
1167,Mitchell Ervin,Pistons,0,20,0,0
1168,Mitchell Ervin,Pelicans,0,20,1,-1
1169,Mitchell Ervin,Nuggets,0,20,2,-2
1170,Mitchell Ervin,Mavericks,0,20,0,0
1171,Mitchell Ervin,Knicks,0,20,0,0
1172,Mitchell Ervin,Heat,0,20,2,-2
1173,Mitchell Ervin,Celtics,0,20,1,-1
1174,Brett Nansel,Nuggets,0,16,2,-2
1175,Brett Nansel,Pelicans,0,16,0,0
1176,Brett Nansel,Bucks,0,16,2,-2
1177,Brett Nansel,Hawks,0,16,1,-1
1178,Brett Nansel,Hornets,0,16,0,0
1179,Brett Nansel,Kings,0,16,1,-1
1180,Brett Nansel,Pistons,0,16,0,0
1181,Matt Kallio,Timberwolves,0,15,3,-3
1182,Matt Kallio,Thunder,0,15,1,-1
1183,Matt Kallio,Suns,0,15,3,-3
1184,Curtis Blair,Cavaliers,0,17,0,0
1185,Curtis Blair,Raptors,0,17,0,0
1186,Curtis Blair,Magic,0,17,0,0
1187,Curtis Blair,Jazz,0,17,0,0
1188,Curtis Blair,Hawks,0,17,0,0
1189,Curtis Blair,Mavericks,0,17,1,-1
1190,Curtis Blair,Pelicans,0,17,0,0
1191,Curtis Blair,Nets,0,17,2,-2
1192,Curtis Blair,Bulls,0,17,0,0
1193,Matt Kallio,Kings,0,15,4,-4
1194,Kevin Scott,Jazz,0,16,2,-2
1195,Kevin Scott,Lakers,0,16,2,-2
1196,Kevin Scott,Suns,0,16,3,-3
1197,Kevin Scott,Thunder,0,16,1,-1
1198,Matt Kallio,Nuggets,0,15,1,-1
1199,Matt Kallio,Magic,0,15,0,0
1200,Matt Kallio,Lakers,0,15,1,-1
1201,Derrick Collins,Pelicans,0,1,0,0
